time_s,eta_a,eta_b,visible_a,visible_b,common_visibility,singles_a_hz,singles_b_hz,true_coincidence_hz,accepted_true_hz,accidental_coincidence_hz,coincidence_hz,qber,sifted_rate_bps,key_rate_bps,cumulative_rate_integral_bits
-600.0,0.0,0.0,False,False,False,0.0,0.0,0.0,0.0,0.0,0.0,nan,0.0,0.0,0.0
-598.0,0.0,0.0,False,False,False,0.0,0.0,0.0,0.0,0.0,0.0,nan,0.0,0.0,0.0
-596.0,0.0,0.0,False,False,False,0.0,0.0,0.0,0.0,0.0,0.0,nan,0.0,0.0,0.0
-594.0,0.0,0.0,False,False,False,0.0,0.0,0.0,0.0,0.0,0.0,nan,0.0,0.0,0.0
-592.0,0.0,0.0,False,False,False,0.0,0.0,0.0,0.0,0.0,0.0,nan,0.0,0.0,0.0
-590.0,0.0,0.0,False,False,False,0.0,0.0,0.0,0.0,0.0,0.0,nan,0.0,0.0,0.0
-588.0,0.0,0.0,False,False,False,0.0,0.0,0.0,0.0,0.0,0.0,nan,0.0,0.0,0.0
-586.0,0.0,0.0,False,False,False,0.0,0.0,0.0,0.0,0.0,0.0,nan,0.0,0.0,0.0
-584.0,0.0,0.0,False,False,False,0.0,0.0,0.0,0.0,0.0,0.0,nan,0.0,0.0,0.0
-582.0,0.0,0.0,False,False,False,0.0,0.0,0.0,0.0,0.0,0.0,nan,0.0,0.0,0.0
-580.0,0.0,0.0,False,False,False,0.0,0.0,0.0,0.0,0.0,0.0,nan,0.0,0.0,0.0
-578.0,0.0,0.0,False,False,False,0.0,0.0,0.0,0.0,0.0,0.0,nan,0.0,0.0,0.0
-576.0,0.0,0.0,False,False,False,0.0,0.0,0.0,0.0,0.0,0.0,nan,0.0,0.0,0.0
-574.0,0.0,0.0,False,False,False,0.0,0.0,0.0,0.0,0.0,0.0,nan,0.0,0.0,0.0
-572.0,0.0,0.0,False,False,False,0.0,0.0,0.0,0.0,0.0,0.0,nan,0.0,0.0,0.0
-570.0,0.0,0.0,False,False,False,0.0,0.0,0.0,0.0,0.0,0.0,nan,0.0,0.0,0.0
-568.0,0.0,0.0,False,False,False,0.0,0.0,0.0,0.0,0.0,0.0,nan,0.0,0.0,0.0
-566.0,0.0,0.0,False,False,False,0.0,0.0,0.0,0.0,0.0,0.0,nan,0.0,0.0,0.0
-564.0,0.0,0.0,False,False,False,0.0,0.0,0.0,0.0,0.0,0.0,nan,0.0,0.0,0.0
-562.0,0.0,0.0,False,False,False,0.0,0.0,0.0,0.0,0.0,0.0,nan,0.0,0.0,0.0
-560.0,0.0,0.0,False,False,False,0.0,0.0,0.0,0.0,0.0,0.0,nan,0.0,0.0,0.0
-558.0,0.0,0.0,False,False,False,0.0,0.0,0.0,0.0,0.0,0.0,nan,0.0,0.0,0.0
-556.0,0.0,0.0,False,False,False,0.0,0.0,0.0,0.0,0.0,0.0,nan,0.0,0.0,0.0
-554.0,0.0,0.0,False,False,False,0.0,0.0,0.0,0.0,0.0,0.0,nan,0.0,0.0,0.0
-552.0,0.0,0.0,False,False,False,0.0,0.0,0.0,0.0,0.0,0.0,nan,0.0,0.0,0.0
-550.0,0.0,0.0,False,False,False,0.0,0.0,0.0,0.0,0.0,0.0,nan,0.0,0.0,0.0
-548.0,0.0,0.0,False,False,False,0.0,0.0,0.0,0.0,0.0,0.0,nan,0.0,0.0,0.0
-546.0,0.0,0.0,False,False,False,0.0,0.0,0.0,0.0,0.0,0.0,nan,0.0,0.0,0.0
-544.0,0.0,0.0,False,False,False,0.0,0.0,0.0,0.0,0.0,0.0,nan,0.0,0.0,0.0
-542.0,0.0,0.0,False,False,False,0.0,0.0,0.0,0.0,0.0,0.0,nan,0.0,0.0,0.0
-540.0,0.0,0.0,False,False,False,0.0,0.0,0.0,0.0,0.0,0.0,nan,0.0,0.0,0.0
-538.0,0.0,0.0,False,False,False,0.0,0.0,0.0,0.0,0.0,0.0,nan,0.0,0.0,0.0
-536.0,0.0,0.0,False,False,False,0.0,0.0,0.0,0.0,0.0,0.0,nan,0.0,0.0,0.0
-534.0,0.0,0.0,False,False,False,0.0,0.0,0.0,0.0,0.0,0.0,nan,0.0,0.0,0.0
-532.0,0.0,0.0,False,False,False,0.0,0.0,0.0,0.0,0.0,0.0,nan,0.0,0.0,0.0
-530.0,0.0,0.0,False,False,False,0.0,0.0,0.0,0.0,0.0,0.0,nan,0.0,0.0,0.0
-528.0,0.0,0.0,False,False,False,0.0,0.0,0.0,0.0,0.0,0.0,nan,0.0,0.0,0.0
-526.0,0.0,0.0,False,False,False,0.0,0.0,0.0,0.0,0.0,0.0,nan,0.0,0.0,0.0
-524.0,0.0,0.0,False,False,False,0.0,0.0,0.0,0.0,0.0,0.0,nan,0.0,0.0,0.0
-522.0,0.0,0.0,False,False,False,0.0,0.0,0.0,0.0,0.0,0.0,nan,0.0,0.0,0.0
-520.0,0.0,0.0,False,False,False,0.0,0.0,0.0,0.0,0.0,0.0,nan,0.0,0.0,0.0
-518.0,0.0,0.0,False,False,False,0.0,0.0,0.0,0.0,0.0,0.0,nan,0.0,0.0,0.0
-516.0,0.0,0.0,False,False,False,0.0,0.0,0.0,0.0,0.0,0.0,nan,0.0,0.0,0.0
-514.0,0.0,0.0,False,False,False,0.0,0.0,0.0,0.0,0.0,0.0,nan,0.0,0.0,0.0
-512.0,0.0,0.0,False,False,False,0.0,0.0,0.0,0.0,0.0,0.0,nan,0.0,0.0,0.0
-510.0,0.0,0.0,False,False,False,0.0,0.0,0.0,0.0,0.0,0.0,nan,0.0,0.0,0.0
-508.0,0.0,0.0,False,False,False,0.0,0.0,0.0,0.0,0.0,0.0,nan,0.0,0.0,0.0
-506.0,0.0,0.0,False,False,False,0.0,0.0,0.0,0.0,0.0,0.0,nan,0.0,0.0,0.0
-504.0,0.0,0.0,False,False,False,0.0,0.0,0.0,0.0,0.0,0.0,nan,0.0,0.0,0.0
-502.0,0.0,0.0,False,False,False,0.0,0.0,0.0,0.0,0.0,0.0,nan,0.0,0.0,0.0
-500.0,0.0,0.0,False,False,False,0.0,0.0,0.0,0.0,0.0,0.0,nan,0.0,0.0,0.0
-498.0,0.0,0.0,False,False,False,0.0,0.0,0.0,0.0,0.0,0.0,nan,0.0,0.0,0.0
-496.0,0.0,0.0,False,False,False,0.0,0.0,0.0,0.0,0.0,0.0,nan,0.0,0.0,0.0
-494.0,0.0,0.0,False,False,False,0.0,0.0,0.0,0.0,0.0,0.0,nan,0.0,0.0,0.0
-492.0,0.0,0.0,False,False,False,0.0,0.0,0.0,0.0,0.0,0.0,nan,0.0,0.0,0.0
-490.0,0.0,0.0,False,False,False,0.0,0.0,0.0,0.0,0.0,0.0,nan,0.0,0.0,0.0
-488.0,0.0,0.0,False,False,False,0.0,0.0,0.0,0.0,0.0,0.0,nan,0.0,0.0,0.0
-486.0,0.0,0.0,False,False,False,0.0,0.0,0.0,0.0,0.0,0.0,nan,0.0,0.0,0.0
-484.0,0.0,0.0,False,False,False,0.0,0.0,0.0,0.0,0.0,0.0,nan,0.0,0.0,0.0
-482.0,0.0,0.0,False,False,False,0.0,0.0,0.0,0.0,0.0,0.0,nan,0.0,0.0,0.0
-480.0,0.0,0.0,False,False,False,0.0,0.0,0.0,0.0,0.0,0.0,nan,0.0,0.0,0.0
-478.0,0.0,0.0,False,False,False,0.0,0.0,0.0,0.0,0.0,0.0,nan,0.0,0.0,0.0
-476.0,0.0,0.0,False,False,False,0.0,0.0,0.0,0.0,0.0,0.0,nan,0.0,0.0,0.0
-474.0,0.0,0.0,False,False,False,0.0,0.0,0.0,0.0,0.0,0.0,nan,0.0,0.0,0.0
-472.0,0.0,0.0,False,False,False,0.0,0.0,0.0,0.0,0.0,0.0,nan,0.0,0.0,0.0
-470.0,0.0,0.0,False,False,False,0.0,0.0,0.0,0.0,0.0,0.0,nan,0.0,0.0,0.0
-468.0,0.0,0.0,False,False,False,0.0,0.0,0.0,0.0,0.0,0.0,nan,0.0,0.0,0.0
-466.0,0.0,0.0,False,False,False,0.0,0.0,0.0,0.0,0.0,0.0,nan,0.0,0.0,0.0
-464.0,0.0,0.0,False,False,False,0.0,0.0,0.0,0.0,0.0,0.0,nan,0.0,0.0,0.0
-462.0,0.0,0.0,False,False,False,0.0,0.0,0.0,0.0,0.0,0.0,nan,0.0,0.0,0.0
-460.0,0.0,0.0,False,False,False,0.0,0.0,0.0,0.0,0.0,0.0,nan,0.0,0.0,0.0
-458.0,0.0,0.0,False,False,False,0.0,0.0,0.0,0.0,0.0,0.0,nan,0.0,0.0,0.0
-456.0,0.0,0.0,False,False,False,0.0,0.0,0.0,0.0,0.0,0.0,nan,0.0,0.0,0.0
-454.0,0.0,0.0,False,False,False,0.0,0.0,0.0,0.0,0.0,0.0,nan,0.0,0.0,0.0
-452.0,0.0,0.0,False,False,False,0.0,0.0,0.0,0.0,0.0,0.0,nan,0.0,0.0,0.0
-450.0,0.0,0.0,False,False,False,0.0,0.0,0.0,0.0,0.0,0.0,nan,0.0,0.0,0.0
-448.0,0.0,0.0,False,False,False,0.0,0.0,0.0,0.0,0.0,0.0,nan,0.0,0.0,0.0
-446.0,0.0,0.0,False,False,False,0.0,0.0,0.0,0.0,0.0,0.0,nan,0.0,0.0,0.0
-444.0,0.0,0.0,False,False,False,0.0,0.0,0.0,0.0,0.0,0.0,nan,0.0,0.0,0.0
-442.0,0.0,0.0,False,False,False,0.0,0.0,0.0,0.0,0.0,0.0,nan,0.0,0.0,0.0
-440.0,0.0,0.0,False,False,False,0.0,0.0,0.0,0.0,0.0,0.0,nan,0.0,0.0,0.0
-438.0,0.0,0.0,False,False,False,0.0,0.0,0.0,0.0,0.0,0.0,nan,0.0,0.0,0.0
-436.0,0.0,0.0,False,False,False,0.0,0.0,0.0,0.0,0.0,0.0,nan,0.0,0.0,0.0
-434.0,0.0,0.0,False,False,False,0.0,0.0,0.0,0.0,0.0,0.0,nan,0.0,0.0,0.0
-432.0,0.0,0.0,False,False,False,0.0,0.0,0.0,0.0,0.0,0.0,nan,0.0,0.0,0.0
-430.0,0.0,0.0,False,False,False,0.0,0.0,0.0,0.0,0.0,0.0,nan,0.0,0.0,0.0
-428.0,0.0,0.0,False,False,False,0.0,0.0,0.0,0.0,0.0,0.0,nan,0.0,0.0,0.0
-426.0,0.0,0.0,False,False,False,0.0,0.0,0.0,0.0,0.0,0.0,nan,0.0,0.0,0.0
-424.0,0.0,0.0,False,False,False,0.0,0.0,0.0,0.0,0.0,0.0,nan,0.0,0.0,0.0
-422.0,0.0,0.0,False,False,False,0.0,0.0,0.0,0.0,0.0,0.0,nan,0.0,0.0,0.0
-420.0,0.0,0.0,False,False,False,0.0,0.0,0.0,0.0,0.0,0.0,nan,0.0,0.0,0.0
-418.0,0.0,0.0,False,False,False,0.0,0.0,0.0,0.0,0.0,0.0,nan,0.0,0.0,0.0
-416.0,0.0,0.0,False,False,False,0.0,0.0,0.0,0.0,0.0,0.0,nan,0.0,0.0,0.0
-414.0,0.0,0.0,False,False,False,0.0,0.0,0.0,0.0,0.0,0.0,nan,0.0,0.0,0.0
-412.0,0.0,0.0,False,False,False,0.0,0.0,0.0,0.0,0.0,0.0,nan,0.0,0.0,0.0
-410.0,0.0,0.0,False,False,False,0.0,0.0,0.0,0.0,0.0,0.0,nan,0.0,0.0,0.0
-408.0,0.0,0.0,False,False,False,0.0,0.0,0.0,0.0,0.0,0.0,nan,0.0,0.0,0.0
-406.0,0.0,0.0,False,False,False,0.0,0.0,0.0,0.0,0.0,0.0,nan,0.0,0.0,0.0
-404.0,0.0,0.0,False,False,False,0.0,0.0,0.0,0.0,0.0,0.0,nan,0.0,0.0,0.0
-402.0,0.0,0.0,False,False,False,0.0,0.0,0.0,0.0,0.0,0.0,nan,0.0,0.0,0.0
-400.0,0.0,0.0,False,False,False,0.0,0.0,0.0,0.0,0.0,0.0,nan,0.0,0.0,0.0
-398.0,0.0,0.0,False,False,False,0.0,0.0,0.0,0.0,0.0,0.0,nan,0.0,0.0,0.0
-396.0,0.0,0.0,False,False,False,0.0,0.0,0.0,0.0,0.0,0.0,nan,0.0,0.0,0.0
-394.0,0.0,0.0,False,False,False,0.0,0.0,0.0,0.0,0.0,0.0,nan,0.0,0.0,0.0
-392.0,0.0,0.0,False,False,False,0.0,0.0,0.0,0.0,0.0,0.0,nan,0.0,0.0,0.0
-390.0,0.0,0.0,False,False,False,0.0,0.0,0.0,0.0,0.0,0.0,nan,0.0,0.0,0.0
-388.0,0.0,0.0,False,False,False,0.0,0.0,0.0,0.0,0.0,0.0,nan,0.0,0.0,0.0
-386.0,0.0,0.0,False,False,False,0.0,0.0,0.0,0.0,0.0,0.0,nan,0.0,0.0,0.0
-384.0,0.0,0.0,False,False,False,0.0,0.0,0.0,0.0,0.0,0.0,nan,0.0,0.0,0.0
-382.0,0.0,0.0,False,False,False,0.0,0.0,0.0,0.0,0.0,0.0,nan,0.0,0.0,0.0
-380.0,0.0,0.0,False,False,False,0.0,0.0,0.0,0.0,0.0,0.0,nan,0.0,0.0,0.0
-378.0,0.0,0.0,False,False,False,0.0,0.0,0.0,0.0,0.0,0.0,nan,0.0,0.0,0.0
-376.0,0.0,0.0,False,False,False,0.0,0.0,0.0,0.0,0.0,0.0,nan,0.0,0.0,0.0
-374.0,0.0,0.0,False,False,False,0.0,0.0,0.0,0.0,0.0,0.0,nan,0.0,0.0,0.0
-372.0,0.0,0.0,False,False,False,0.0,0.0,0.0,0.0,0.0,0.0,nan,0.0,0.0,0.0
-370.0,0.0,0.0,False,False,False,0.0,0.0,0.0,0.0,0.0,0.0,nan,0.0,0.0,0.0
-368.0,0.0,0.0,False,False,False,0.0,0.0,0.0,0.0,0.0,0.0,nan,0.0,0.0,0.0
-366.0,0.0,0.0,False,False,False,0.0,0.0,0.0,0.0,0.0,0.0,nan,0.0,0.0,0.0
-364.0,0.0,0.0,False,False,False,0.0,0.0,0.0,0.0,0.0,0.0,nan,0.0,0.0,0.0
-362.0,0.0,0.0,False,False,False,0.0,0.0,0.0,0.0,0.0,0.0,nan,0.0,0.0,0.0
-360.0,0.0,0.0,False,False,False,0.0,0.0,0.0,0.0,0.0,0.0,nan,0.0,0.0,0.0
-358.0,0.0,0.0,False,False,False,0.0,0.0,0.0,0.0,0.0,0.0,nan,0.0,0.0,0.0
-356.0,0.0,0.0,False,False,False,0.0,0.0,0.0,0.0,0.0,0.0,nan,0.0,0.0,0.0
-354.0,0.0,0.0,False,False,False,0.0,0.0,0.0,0.0,0.0,0.0,nan,0.0,0.0,0.0
-352.0,0.0,0.0,False,False,False,0.0,0.0,0.0,0.0,0.0,0.0,nan,0.0,0.0,0.0
-350.0,0.0,0.0,False,False,False,0.0,0.0,0.0,0.0,0.0,0.0,nan,0.0,0.0,0.0
-348.0,0.0,0.0,False,False,False,0.0,0.0,0.0,0.0,0.0,0.0,nan,0.0,0.0,0.0
-346.0,0.0,0.0,False,False,False,0.0,0.0,0.0,0.0,0.0,0.0,nan,0.0,0.0,0.0
-344.0,0.0,0.0,False,False,False,0.0,0.0,0.0,0.0,0.0,0.0,nan,0.0,0.0,0.0
-342.0,0.0,0.0,False,False,False,0.0,0.0,0.0,0.0,0.0,0.0,nan,0.0,0.0,0.0
-340.0,0.0,0.0,False,False,False,0.0,0.0,0.0,0.0,0.0,0.0,nan,0.0,0.0,0.0
-338.0,0.0,0.0,False,False,False,0.0,0.0,0.0,0.0,0.0,0.0,nan,0.0,0.0,0.0
-336.0,0.0,0.0,False,False,False,0.0,0.0,0.0,0.0,0.0,0.0,nan,0.0,0.0,0.0
-334.0,0.0,0.0,False,False,False,0.0,0.0,0.0,0.0,0.0,0.0,nan,0.0,0.0,0.0
-332.0,0.0,0.0,False,False,False,0.0,0.0,0.0,0.0,0.0,0.0,nan,0.0,0.0,0.0
-330.0,0.0,0.0,False,False,False,0.0,0.0,0.0,0.0,0.0,0.0,nan,0.0,0.0,0.0
-328.0,0.0,0.0,False,False,False,0.0,0.0,0.0,0.0,0.0,0.0,nan,0.0,0.0,0.0
-326.0,0.0,0.0,False,False,False,0.0,0.0,0.0,0.0,0.0,0.0,nan,0.0,0.0,0.0
-324.0,0.0,0.0,False,False,False,0.0,0.0,0.0,0.0,0.0,0.0,nan,0.0,0.0,0.0
-322.0,0.0,0.0,False,False,False,0.0,0.0,0.0,0.0,0.0,0.0,nan,0.0,0.0,0.0
-320.0,0.0,0.0,False,False,False,0.0,0.0,0.0,0.0,0.0,0.0,nan,0.0,0.0,0.0
-318.0,0.0,0.0,False,False,False,0.0,0.0,0.0,0.0,0.0,0.0,nan,0.0,0.0,0.0
-316.0,0.0,0.0,False,False,False,0.0,0.0,0.0,0.0,0.0,0.0,nan,0.0,0.0,0.0
-314.0,0.0,0.0,False,False,False,0.0,0.0,0.0,0.0,0.0,0.0,nan,0.0,0.0,0.0
-312.0,0.0,0.0,False,False,False,0.0,0.0,0.0,0.0,0.0,0.0,nan,0.0,0.0,0.0
-310.0,0.0,0.0,False,False,False,0.0,0.0,0.0,0.0,0.0,0.0,nan,0.0,0.0,0.0
-308.0,0.0,0.0,False,False,False,0.0,0.0,0.0,0.0,0.0,0.0,nan,0.0,0.0,0.0
-306.0,0.0,0.0,False,False,False,0.0,0.0,0.0,0.0,0.0,0.0,nan,0.0,0.0,0.0
-304.0,0.0,0.0,False,False,False,0.0,0.0,0.0,0.0,0.0,0.0,nan,0.0,0.0,0.0
-302.0,0.0,0.0,False,False,False,0.0,0.0,0.0,0.0,0.0,0.0,nan,0.0,0.0,0.0
-300.0,0.0,0.0,False,False,False,0.0,0.0,0.0,0.0,0.0,0.0,nan,0.0,0.0,0.0
-298.0,0.0,0.0,False,False,False,0.0,0.0,0.0,0.0,0.0,0.0,nan,0.0,0.0,0.0
-296.0,0.0,0.0,False,False,False,0.0,0.0,0.0,0.0,0.0,0.0,nan,0.0,0.0,0.0
-294.0,0.0,0.0,False,False,False,0.0,0.0,0.0,0.0,0.0,0.0,nan,0.0,0.0,0.0
-292.0,2.9216793992141277e-05,0.0,True,False,False,492.16793992141277,0.0,0.0,0.0,0.0,0.0,nan,0.0,0.0,0.0
-290.0,3.2684781750325966e-05,0.0,True,False,False,526.8478175032596,0.0,0.0,0.0,0.0,0.0,nan,0.0,0.0,0.0
-288.0,3.8184524477105604e-05,0.0,True,False,False,581.8452447710561,0.0,0.0,0.0,0.0,0.0,nan,0.0,0.0,0.0
-286.0,4.796797205290573e-05,0.0,True,False,False,679.6797205290572,0.0,0.0,0.0,0.0,0.0,nan,0.0,0.0,0.0
-284.0,5.534880019962641e-05,0.0,True,False,False,753.4880019962641,0.0,0.0,0.0,0.0,0.0,nan,0.0,0.0,0.0
-282.0,5.406637873201272e-05,0.0,True,False,False,740.6637873201272,0.0,0.0,0.0,0.0,0.0,nan,0.0,0.0,0.0
-280.0,3.196327199067364e-05,0.0,True,False,False,519.6327199067364,0.0,0.0,0.0,0.0,0.0,nan,0.0,0.0,0.0
-278.0,4.419981534617715e-05,0.0,True,False,False,641.9981534617715,0.0,0.0,0.0,0.0,0.0,nan,0.0,0.0,0.0
-276.0,4.4041059751961124e-05,0.0,True,False,False,640.4105975196112,0.0,0.0,0.0,0.0,0.0,nan,0.0,0.0,0.0
-274.0,5.484345687644624e-05,0.0,True,False,False,748.4345687644624,0.0,0.0,0.0,0.0,0.0,nan,0.0,0.0,0.0
-272.0,8.374116835255352e-05,0.0,True,False,False,1037.4116835255352,0.0,0.0,0.0,0.0,0.0,nan,0.0,0.0,0.0
-270.0,9.615084724965424e-05,0.0,True,False,False,1161.5084724965425,0.0,0.0,0.0,0.0,0.0,nan,0.0,0.0,0.0
-268.0,8.892530535078045e-05,0.0,True,False,False,1089.2530535078045,0.0,0.0,0.0,0.0,0.0,nan,0.0,0.0,0.0
-266.0,9.67738159949552e-05,0.0,True,False,False,1167.738159949552,0.0,0.0,0.0,0.0,0.0,nan,0.0,0.0,0.0
-264.0,5.917551483311164e-05,0.0,True,False,False,791.7551483311164,0.0,0.0,0.0,0.0,0.0,nan,0.0,0.0,0.0
-262.0,8.162029642005617e-05,0.0,True,False,False,1016.2029642005616,0.0,0.0,0.0,0.0,0.0,nan,0.0,0.0,0.0
-260.0,0.00010700017911956952,0.0,True,False,False,1270.0017911956952,0.0,0.0,0.0,0.0,0.0,nan,0.0,0.0,0.0
-258.0,8.422593430787355e-05,0.0,True,False,False,1042.2593430787356,0.0,0.0,0.0,0.0,0.0,nan,0.0,0.0,0.0
-256.0,0.00010856669766544587,0.0,True,False,False,1285.6669766544587,0.0,0.0,0.0,0.0,0.0,nan,0.0,0.0,0.0
-254.0,9.880863397014328e-05,0.0,True,False,False,1188.0863397014327,0.0,0.0,0.0,0.0,0.0,nan,0.0,0.0,0.0
-252.0,0.0001447819391563317,0.0,True,False,False,1647.819391563317,0.0,0.0,0.0,0.0,0.0,nan,0.0,0.0,0.0
-250.0,0.0001771419779005095,0.0,True,False,False,1971.419779005095,0.0,0.0,0.0,0.0,0.0,nan,0.0,0.0,0.0
-248.0,0.00012440953266920575,0.0,True,False,False,1444.0953266920576,0.0,0.0,0.0,0.0,0.0,nan,0.0,0.0,0.0
-246.0,0.00019664899185725532,0.0,True,False,False,2166.4899185725535,0.0,0.0,0.0,0.0,0.0,nan,0.0,0.0,0.0
-244.0,0.00015126621618635321,0.0,True,False,False,1712.6621618635322,0.0,0.0,0.0,0.0,0.0,nan,0.0,0.0,0.0
-242.0,0.00026529260264482676,0.0,True,False,False,2852.9260264482677,0.0,0.0,0.0,0.0,0.0,nan,0.0,0.0,0.0
-240.0,0.0001648513970074964,0.0,True,False,False,1848.513970074964,0.0,0.0,0.0,0.0,0.0,nan,0.0,0.0,0.0
-238.0,0.00016643143776732056,0.0,True,False,False,1864.3143776732056,0.0,0.0,0.0,0.0,0.0,nan,0.0,0.0,0.0
-236.0,0.00017933282287868626,0.0,True,False,False,1993.3282287868626,0.0,0.0,0.0,0.0,0.0,nan,0.0,0.0,0.0
-234.0,0.0001450490278548698,0.0,True,False,False,1650.490278548698,0.0,0.0,0.0,0.0,0.0,nan,0.0,0.0,0.0
-232.0,0.00010524039777159701,0.0,True,False,False,1252.40397771597,0.0,0.0,0.0,0.0,0.0,nan,0.0,0.0,0.0
-230.0,0.00012463778700075225,0.0,True,False,False,1446.3778700075225,0.0,0.0,0.0,0.0,0.0,nan,0.0,0.0,0.0
-228.0,0.00023059123609320663,0.0,True,False,False,2505.9123609320663,0.0,0.0,0.0,0.0,0.0,nan,0.0,0.0,0.0
-226.0,0.00020088825432464344,0.0,True,False,False,2208.8825432464346,0.0,0.0,0.0,0.0,0.0,nan,0.0,0.0,0.0
-224.0,0.0001965759334115059,0.0,True,False,False,2165.759334115059,0.0,0.0,0.0,0.0,0.0,nan,0.0,0.0,0.0
-222.0,0.00033552091628528773,0.0,True,False,False,3555.2091628528774,0.0,0.0,0.0,0.0,0.0,nan,0.0,0.0,0.0
-220.0,0.0003158090947661052,0.0,True,False,False,3358.090947661052,0.0,0.0,0.0,0.0,0.0,nan,0.0,0.0,0.0
-218.0,0.00033670569336429455,0.0,True,False,False,3567.0569336429453,0.0,0.0,0.0,0.0,0.0,nan,0.0,0.0,0.0
-216.0,0.00036937841842056324,0.0,True,False,False,3893.7841842056323,0.0,0.0,0.0,0.0,0.0,nan,0.0,0.0,0.0
-214.0,0.00024073200984850267,0.0,True,False,False,2607.320098485027,0.0,0.0,0.0,0.0,0.0,nan,0.0,0.0,0.0
-212.0,0.00028199942704881825,0.0,True,False,False,3019.9942704881823,0.0,0.0,0.0,0.0,0.0,nan,0.0,0.0,0.0
-210.0,0.00030949011463575325,0.0,True,False,False,3294.9011463575325,0.0,0.0,0.0,0.0,0.0,nan,0.0,0.0,0.0
-208.0,0.00030203526413570065,0.0,True,False,False,3220.3526413570066,0.0,0.0,0.0,0.0,0.0,nan,0.0,0.0,0.0
-206.0,0.00023710866133109642,0.0,True,False,False,2571.0866133109644,0.0,0.0,0.0,0.0,0.0,nan,0.0,0.0,0.0
-204.0,0.0003442065940226857,0.0,True,False,False,3642.065940226857,0.0,0.0,0.0,0.0,0.0,nan,0.0,0.0,0.0
-202.0,0.00022446841219693877,0.0,True,False,False,2444.6841219693874,0.0,0.0,0.0,0.0,0.0,nan,0.0,0.0,0.0
-200.0,0.00024105964166636586,0.0,True,False,False,2610.5964166636586,0.0,0.0,0.0,0.0,0.0,nan,0.0,0.0,0.0
-198.0,0.00026353592547920967,0.0,True,False,False,2835.3592547920966,0.0,0.0,0.0,0.0,0.0,nan,0.0,0.0,0.0
-196.0,0.0003126290571399732,0.0,True,False,False,3326.2905713997316,0.0,0.0,0.0,0.0,0.0,nan,0.0,0.0,0.0
-194.0,0.0004852390874502202,0.0,True,False,False,5052.390874502202,0.0,0.0,0.0,0.0,0.0,nan,0.0,0.0,0.0
-192.0,0.0007358466398546389,0.0,True,False,False,7558.4663985463885,0.0,0.0,0.0,0.0,0.0,nan,0.0,0.0,0.0
-190.0,0.0008974836852156516,0.0,True,False,False,9174.836852156515,0.0,0.0,0.0,0.0,0.0,nan,0.0,0.0,0.0
-188.0,0.0007682841994762814,0.0,True,False,False,7882.841994762814,0.0,0.0,0.0,0.0,0.0,nan,0.0,0.0,0.0
-186.0,0.0006729949449857946,0.0,True,False,False,6929.949449857946,0.0,0.0,0.0,0.0,0.0,nan,0.0,0.0,0.0
-184.0,0.0003035481892699399,0.0,True,False,False,3235.481892699399,0.0,0.0,0.0,0.0,0.0,nan,0.0,0.0,0.0
-182.0,0.0006119543939770432,0.0,True,False,False,6319.543939770432,0.0,0.0,0.0,0.0,0.0,nan,0.0,0.0,0.0
-180.0,0.0012359855123669087,0.0,True,False,False,12559.855123669087,0.0,0.0,0.0,0.0,0.0,nan,0.0,0.0,0.0
-178.0,0.0008961297099581138,0.0,True,False,False,9161.29709958114,0.0,0.0,0.0,0.0,0.0,nan,0.0,0.0,0.0
-176.0,0.0007694057063756366,0.0,True,False,False,7894.057063756366,0.0,0.0,0.0,0.0,0.0,nan,0.0,0.0,0.0
-174.0,0.0008506420054017834,0.0,True,False,False,8706.420054017834,0.0,0.0,0.0,0.0,0.0,nan,0.0,0.0,0.0
-172.0,0.0009142280226488749,0.0,True,False,False,9342.280226488749,0.0,0.0,0.0,0.0,0.0,nan,0.0,0.0,0.0
-170.0,0.0008171003932832192,0.0,True,False,False,8371.003932832191,0.0,0.0,0.0,0.0,0.0,nan,0.0,0.0,0.0
-168.0,0.0006987416772921126,0.0,True,False,False,7187.416772921126,0.0,0.0,0.0,0.0,0.0,nan,0.0,0.0,0.0
-166.0,0.0008318370734927205,0.0,True,False,False,8518.370734927204,0.0,0.0,0.0,0.0,0.0,nan,0.0,0.0,0.0
-164.0,0.0005616472374810237,0.0,True,False,False,5816.472374810238,0.0,0.0,0.0,0.0,0.0,nan,0.0,0.0,0.0
-162.0,0.00043293533056036875,0.0,True,False,False,4529.353305603688,0.0,0.0,0.0,0.0,0.0,nan,0.0,0.0,0.0
-160.0,0.0009984666747831178,0.0,True,False,False,10184.666747831177,0.0,0.0,0.0,0.0,0.0,nan,0.0,0.0,0.0
-158.0,0.0008394646473019981,0.0,True,False,False,8594.64647301998,0.0,0.0,0.0,0.0,0.0,nan,0.0,0.0,0.0
-156.0,0.0011221147854525756,0.0,True,False,False,11421.147854525756,0.0,0.0,0.0,0.0,0.0,nan,0.0,0.0,0.0
-154.0,0.0016199184055159944,0.0,True,False,False,16399.184055159945,0.0,0.0,0.0,0.0,0.0,nan,0.0,0.0,0.0
-152.0,0.0017342415406919542,0.0,True,False,False,17542.415406919543,0.0,0.0,0.0,0.0,0.0,nan,0.0,0.0,0.0
-150.0,0.0011131327165959874,2.665219300286552e-05,True,True,True,11331.327165959874,466.52193002865516,0.29667428000520263,0.29117640785107723,0.0052862814358107585,0.296462689286888,0.03793868158235777,0.148231344643444,0.07370633137489982,0.07370633137489982
-148.0,0.001240178654875005,2.549574692271295e-05,True,True,True,12601.78654875005,454.9574692271295,0.3161928112364369,0.31033322795135754,0.005733239487155427,0.31606646743851297,0.03808365603314746,0.15803323371925648,0.07834952172638378,0.22576218447618343
-146.0,0.0008739359342462722,3.54369669895089e-05,True,True,True,8939.359342462722,554.3696698950889,0.30969638852830766,0.30395719485539097,0.004955686163744615,0.30891288101913555,0.03709711991303864,0.15445644050956778,0.07811599699245603,0.3822277031950232
-144.0,0.0010603828990996828,2.7907268489059712e-05,True,True,True,10803.828990996828,479.07268489059715,0.2959239026638236,0.29043993626078046,0.005175790162792828,0.2956157264235733,0.03778687735271893,0.14780786321178666,0.07372196884508321,0.5340656690325625
-142.0,0.0016106417294473102,3.9367383771787946e-05,True,True,True,16306.417294473102,593.6738377178795,0.6340675108200851,0.6223171760370624,0.009680611532792266,0.6319977875698547,0.03675610702311793,0.31599889378492735,0.16091085013513656,0.7686984880127823
-140.0,0.001452513098452068,4.837331362615427e-05,True,True,True,14725.13098452068,683.7331362615428,0.7026287165751898,0.6896078276208798,0.010067982421614139,0.6996758100424939,0.03631953849520781,0.34983790502124695,0.1796994759410813,1.1093088140890002
-138.0,0.0006417982654569991,5.554446374154516e-05,True,True,True,6617.982654569991,755.4446374154516,0.3564834048506286,0.34987716926828655,0.004999501075149804,0.35487667034343634,0.0361776976689621,0.17743833517171817,0.09140113783012122,1.3804094278602026
-136.0,0.0005763000874848874,5.587206261781211e-05,True,True,True,5963.0008748488735,758.720626178121,0.32199074574606223,0.31602371700702797,0.004524236552318227,0.3205479535593462,0.036189964668013566,0.1602739767796731,0.08253941060785655,1.5543499762981803
-134.0,0.0008512123961710601,4.391138776233803e-05,True,True,True,8712.1239617106,639.1138776233803,0.37377917596376314,0.366852420724694,0.005568013293552969,0.3724204340182469,0.03658364159073949,0.18621021700912346,0.09514782087000359,1.7320372077760404
-132.0,0.0018274831941675013,3.57167285266322e-05,True,True,True,18474.831941675013,557.167285266322,0.6527172113306332,0.6406212663075926,0.010293474005680406,0.650914740313273,0.036989630025342043,0.3254573701566365,0.16495449724114017,1.9921395258871841
-130.0,0.0018083187082261528,0.00010792181034939707,True,True,True,18283.187082261527,1279.2181034939706,1.9515702868044955,1.9154044151406195,0.023387955142077133,1.9387923702826966,0.0352251118197282,0.9693961851413483,0.5088357941398227,2.665929817268147
-128.0,0.0018164758579341928,5.644814315506824e-05,True,True,True,18364.758579341928,764.4814315506824,1.0253668926639472,1.0063651238323508,0.014039382647013323,1.020404506479364,0.036022754211048745,0.510202253239682,0.2636219713624309,3.4383875827704005
-126.0,0.001241415303449473,6.849674672611581e-05,True,True,True,12614.153034494731,884.9674672611582,0.8503290962230277,0.8345710714293542,0.011163039716792403,0.8457341111461466,0.035759578123374845,0.4228670555730733,0.21963701344156006,3.9216465675743915
-124.0,0.001662069350877475,8.360325038760478e-05,True,True,True,16820.69350877475,1036.032503876048,1.389544001029733,1.3637934193815384,0.017426629621063897,1.3812200490026023,0.035485591444064,0.6906100245013012,0.360647573056307,4.501931154072259
-122.0,0.0009640745937314081,6.956201159838269e-05,True,True,True,9840.745937314081,895.620115983827,0.6706296807085029,0.6582017875752235,0.00881352270505049,0.667015310280274,0.03576623176063043,0.333507655140137,0.17320098842156267,5.035779715550128
-120.0,0.001675711230804606,7.977606365584762e-05,True,True,True,16957.11230804606,997.7606365584762,1.33681645817487,1.3120430063594741,0.016918987281057743,1.328961993640532,0.035539289087620496,0.664480996820266,0.3466354600546026,5.5556161640262935
-118.0,0.002653647184507461,6.760652861128651e-05,True,True,True,26736.471845074608,876.0652861128651,1.7940387430366356,1.7607921951775145,0.023422571476757612,1.784214766654272,0.03572590940125641,0.892107383327136,0.4636686999507923,6.365920324031689
-116.0,0.0018409189397997773,5.551662288886785e-05,True,True,True,18609.189397997772,755.1662288886785,1.0220160254983863,1.003076353857289,0.014052895317274315,1.0171292491745634,0.036049847101415,0.5085646245872817,0.2626346941575709,7.092223718140052
-114.0,0.0027956800865755627,0.00011970455839163126,True,True,True,28156.800865755627,1397.0455839163126,3.346556501678052,3.2845391950127745,0.039335753042320176,3.323874948055095,0.03511744922957697,1.6619374740275474,0.8741970805199567,8.22905549281758
-112.0,0.00201306015497396,0.00024253117443471248,True,True,True,20330.6015497396,2625.3117443471247,4.8822984359355885,4.791821254635647,0.053373554396248496,4.845194809031896,0.034732369265918564,2.422597404515948,1.2839611351173907,10.387213708454926
-110.0,0.002319583915495705,0.00013106067413863788,True,True,True,23395.839154957048,1510.6067413863789,3.040062316860083,2.9837248616604684,0.035341472230705474,3.019066333891174,0.03505713160035347,1.509533166945587,0.7949711263498072,12.466145969922124
-108.0,0.002303601314283546,0.00012224236465398363,True,True,True,23236.013142835458,1422.4236465398362,2.8159767187804516,2.7637919456731335,0.03305104705033659,2.79684299272347,0.03510943437843463,1.398421496361735,0.7357005552802137,13.996817651552146
-106.0,0.002497602684264354,0.00021900726379382938,True,True,True,25176.026842643543,2390.0726379382936,5.469931299248598,5.368564295089726,0.06017170353490752,5.428735998624633,0.03476443259262727,2.7143679993123166,1.437696113814683,16.17021432064704
-104.0,0.003909525001791892,0.00015018877500203677,True,True,True,39295.250017918916,1701.8877500203678,5.871667708589598,5.762855854751894,0.06687473379340715,5.829730588545301,0.03494668480991657,2.9148652942726505,1.5383938996326052,19.146304334094328
-102.0,0.003919249149714641,0.00010994008648123162,True,True,True,39392.49149714642,1299.4008648123163,4.308825904611212,4.228976131460938,0.051185596091839314,4.280161727552778,0.035176017242851694,2.140080863776389,1.1244118720346206,21.809110105761555
-100.0,0.0025828048771627857,0.00015428947276881354,True,True,True,26028.04877162786,1742.8947276881354,3.9849960276216647,3.911147365397972,0.04536351907913025,3.9565108844771024,0.03494396154184909,1.9782554422385512,1.04413006533292,23.977652043129094
-98.0,0.0012576725519422014,0.00021754930394552084,True,True,True,12776.725519422014,2375.4930394552084,2.736057882664128,2.6853541396739686,0.03035079259683785,2.7157049322708064,0.034807762066677475,1.3578524661354032,0.718592844904715,25.74037495336673
-96.0,0.0027199007918574814,0.0001407759781069677,True,True,True,27399.007918574815,1607.759781069677,3.828966943276529,3.758009761763735,0.044050384089814654,3.8020601458535497,0.035000598465059506,1.9010300729267748,1.002257130534215,27.46122492880566
-94.0,0.0035324132555739733,0.00023048661447415585,True,True,True,35524.132555739736,2504.8661447415584,8.141739722008762,7.990859625146358,0.08898150501003105,8.079841130156389,0.03473096189734845,4.039920565078194,2.1411909768121276,30.604673036152
-92.0,0.0033344855152637755,0.00024747581498149254,True,True,True,33544.855152637756,2674.758149814925,8.252045204338849,8.099120961823713,0.08972274983174784,8.18884371165546,0.034704582154042915,4.09442185582773,2.1711963005511135,34.91706031351524
-90.0,0.0026999885035784966,0.00032273822758922924,True,True,True,27199.885035784966,3427.3822758922925,8.713895041562193,8.55241194669419,0.09322297628743882,8.64563492298163,0.03462270427043439,4.322817461490815,2.2959796010123688,39.38423621507873
-88.0,0.004609451976366046,0.00028262052656726486,True,True,True,46294.51976366046,3026.2052656726487,13.027257447470916,12.785840510472477,0.14009326469984837,12.925933775172325,0.034648809689450465,6.462966887586163,3.430928396945096,45.1111442130362
-86.0,0.0022037178777072003,0.0002362508212261906,True,True,True,22237.178777072004,2562.508212261906,5.20630158359164,5.109820080368962,0.05698224665965158,5.166802327028614,0.034738373048606594,2.583401163514307,1.3690254087527067,49.911098018734
-84.0,0.002241040747291014,0.00016221553082875983,True,True,True,22610.407472910138,1822.1553082875982,3.635316144306924,3.5679476369968968,0.04119917069645556,3.609146807693352,0.034920285800741614,1.804573403846676,0.9529019464406775,52.23302537392738
-82.0,0.001877902898259149,0.00020870139778600823,True,True,True,18979.02898259149,2287.0139778600824,3.9192095977308044,3.8465800684262508,0.04340484304297714,3.8899849114692278,0.034799328435532705,1.9449924557346139,1.0294846567532325,54.21541197712129
-80.0,0.0029557748483851776,0.0002970884679009536,True,True,True,29757.748483851778,3170.884679009536,8.781266211669259,8.618534615987112,0.09435683521919035,8.712891451206303,0.03464476944335422,4.356445725603152,2.312843789934893,57.55774042380942
-78.0,0.0027776616377989958,0.00019313329788253253,True,True,True,27976.616377989958,2131.3329788253254,5.364589525099166,5.265174680752571,0.059626587500415815,5.324801268252987,0.03481805164670004,2.6624006341264934,1.4086927515610908,61.27927696530541
-76.0,0.005591337212052186,0.00027735813697438524,True,True,True,56113.37212052186,2973.5813697438525,15.508028723303475,15.220638932446876,0.16685274846992953,15.387491680916806,0.03465127817745806,7.693745840458403,4.084102378693016,66.77207209555951
-74.0,0.004041689782577066,0.00029381642465367195,True,True,True,40616.89782577066,3138.1642465367195,11.875148414760703,11.655081991090697,0.127459708036661,11.782541699127357,0.03463917525412095,5.8912708495636785,3.1280265583417477,73.98420103259427
-72.0,0.0033413732240656874,0.0002828028057005311,True,True,True,33613.73224065687,3028.028057005311,9.449497226584057,9.274382189070153,0.10178145958719939,9.376163648657352,0.03465689546994572,4.688081824328676,2.4883204999520614,79.60054809088808
-70.0,0.003904439273571349,0.00038970022814305207,True,True,True,39244.39273571349,4097.002281430521,15.215608756814472,14.933637998544864,0.16078088231038495,15.09441888085525,0.03456108169052182,7.547209440427625,4.0133766577551935,86.10224524859534
-68.0,0.0028673701189104953,0.00031165927933615733,True,True,True,28873.70118910495,3316.5927933615735,8.936425048496767,8.770818099250283,0.09576076798879095,8.866578867239074,0.03463095106070543,4.433289433619537,2.3542754723814556,92.46989737873199
-66.0,0.0023126170009308143,0.00046124816403485193,True,True,True,23326.17000930814,4812.481640348519,10.666903457951236,10.469227840465333,0.11225518554620575,10.581483026011538,0.03454083653117367,5.290741513005769,2.8145671317346634,97.63873998284811
-64.0,0.003340912899596279,0.0004932849242015194,True,True,True,33609.12899596279,5132.849242015194,16.48021966441229,16.174813544322426,0.17250725063158664,16.347320794954012,0.03451448543939265,8.173660397477006,4.350457109147126,104.8037642237299
-62.0,0.00285752660036258,0.00022584253633234127,True,True,True,28775.2660036258,2458.425363323413,6.453510550630176,6.333916172741935,0.07074073902631879,6.404656911768254,0.03474621599305051,3.202328455884127,1.6967542279997605,110.85097556087679
-60.0,0.0040305769553559915,0.0002557836127913274,True,True,True,40505.76955355991,2757.8361279132737,10.30955535274424,10.118501995189035,0.1117058582461717,10.230207853435207,0.03468694557967999,5.1151039267176035,2.713380121744774,115.26110991062133
-58.0,0.0037927803864839797,0.000356972964028973,True,True,True,38127.8038648398,3769.72964028973,13.539200564741401,13.288296462866763,0.14372850139084192,13.432024964257604,0.034584019342522775,6.716012482128802,3.569773031244829,121.54426306361093
-56.0,0.0034560631611660966,0.00048062940625392264,True,True,True,34760.63161166097,5006.294062539227,16.61085585127316,16.30302882346575,0.17401848353206492,16.477047306997815,0.03451854770471473,8.238523653498907,4.384633373814207,129.49866946866996
-54.0,0.003259882115228473,0.0005312596882259652,True,True,True,32798.82115228473,5512.596882259652,17.318439561896785,16.997499820782096,0.18080321578724673,17.178303036569343,0.0345015294197591,8.589151518284671,4.5727588669238886,138.45606170940806
-52.0,0.0030193326478129535,0.00033932914788568447,True,True,True,30393.326478129533,3593.2914788568446,10.245475745657968,10.05560989073171,0.1092102251933704,10.16482011592508,0.03460448693201447,5.08241005796254,2.7003825827305166,145.72920315906248
-50.0,0.003325202046735491,0.00041290110187501756,True,True,True,33452.02046735491,4329.011018750176,13.729795890541478,13.475359737508226,0.1448114296210718,13.620171167129298,0.034551885529137016,6.810085583564649,3.6220464645355053,152.0516322063285
-48.0,0.0027140145684115685,0.000687959176298396,True,True,True,27340.145684115687,7079.5917629839605,18.671312269462696,18.325301527293004,0.19355373912737464,18.518855266420378,0.03446700784214155,9.259427633210189,4.932924809988504,160.6066034808525
-46.0,0.0016052936922884395,0.0005712416145733723,True,True,True,16252.936922884395,5912.416145733723,9.170105606472985,9.000168164429365,0.09609306170542967,9.096261226134795,0.03451984197743064,4.548130613067397,2.42050429166911,167.9600325825101
-44.0,0.002297739344608837,0.0003849200707698492,True,True,True,23177.393446088372,4049.200707698492,8.844459911375006,8.680557230414006,0.09384864034855472,8.77440587076256,0.03458180426142523,4.38720293538128,2.332037927218742,172.71257480139795
-42.0,0.0022183149168753646,0.0004615804356948295,True,True,True,22383.149168753647,4815.804356948295,10.239307658396703,10.04955610847591,0.10779140137483573,10.157347509850746,0.03454249087693531,5.078673754925373,2.701664189543034,177.74627691815974
-40.0,0.0016660205020819475,0.0004856235942796889,True,True,True,16860.205020819474,5056.235942796889,8.090588643646873,7.940656462085299,0.08524824045615949,8.025904702541458,0.034546948781350555,4.012952351270729,2.1345546675166847,182.58249577521946
-38.0,0.0026871102037007,0.0010436524074837823,True,True,True,27071.102037007,10636.524074837824,28.044090332664723,27.524386287794265,0.2879369997976236,27.812323287591887,0.03442050147354018,13.906161643795944,7.415172540848968,192.1322229835851
-36.0,0.002273223228025945,0.0006991506516482315,True,True,True,22932.23228025945,7191.506516482315,15.893255012162358,15.598726331859337,0.1649148139408452,15.763641145800182,0.034471716594591535,7.881820572900091,4.198624465432968,203.74601998986705
-34.0,0.001431796192827869,0.000877671440061262,True,True,True,14517.96192827869,8976.71440061262,12.56646626433468,12.333588561052716,0.13032206696432402,12.46391062801704,0.034469003211203254,6.23195531400852,3.3199213197728272,211.26456577507284
-32.0,0.0018856543489450962,0.0009855670909091382,True,True,True,19056.543489450964,10055.670909091383,18.584388711499837,18.2399888086953,0.19162354068531298,18.431612349380615,0.034441015121552024,9.215806174690307,4.9121736853319735,219.49666078017765
-30.0,0.0017280715532256732,0.0010105093592856311,True,True,True,17480.715532256734,10305.09359285631,17.462324780498008,17.138718604879042,0.18013790697695914,17.318856511856,0.034443272155658525,8.659428255928,4.615412236021889,229.02424670153152
-28.0,0.0012296569806398076,0.0006450709359770915,True,True,True,12496.569806398076,6650.7093597709145,7.9321597943208495,7.785163565141478,0.08311025810567077,7.868273823247149,0.03451922473774267,3.9341369116235745,2.093763511427442,235.73342244898086
-26.0,0.001860923725434717,0.000605637613984289,True,True,True,18809.237254347172,6256.37613984289,11.270454048790363,11.061593626248484,0.11767618834650508,11.17926981459499,0.03450209112274377,5.589634907297495,2.975820434832654,240.80300639524097
-24.0,0.0014486626917351588,0.0006157864484531827,True,True,True,14686.626917351588,6357.864484531827,8.920668539502213,8.755353584802899,0.09337460116073053,8.84872818596363,0.034514338399019524,4.424364092981815,2.354888811852329,246.13371564192596
-22.0,0.002114557036635009,0.0005230942010116755,True,True,True,21345.57036635009,5430.942010116755,11.061125235722063,10.856144027288007,0.11592500279083177,10.972069030078838,0.03452052264376384,5.486034515039419,2.9196157548903714,251.40822020866867
-20.0,0.0015123939048188398,0.0011048902794060962,True,True,True,15323.939048188398,11248.902794060963,16.71029324067365,16.400623471209446,0.17237521051296392,16.57299868172241,0.034443134872161586,8.286499340861205,4.416655655433354,258.7444916189924
-18.0,0.0022021731682305367,0.0006677683961961961,True,True,True,22221.731682305366,6877.68396196196,14.705416446956013,14.432900408163842,0.1528318239272985,14.585732232091141,0.03447945643197848,7.292866116045571,3.8843038593016552,267.0454511337274
-16.0,0.0021161349335703946,0.0008718437311325096,True,True,True,21361.349335703944,8918.437311325097,18.44938976063858,18.107491614888158,0.19050697066299813,18.297998585551156,0.03444802225797406,9.148999292775578,4.875898614434159,275.8056536074632
-14.0,0.0018627499258117644,0.00063886954577398,True,True,True,18827.499258117645,6588.6954577398,11.900541989938768,11.68000498071661,0.12404708243219867,11.80405206314881,0.03449389126869545,5.902026031574405,3.142634281162861,283.8241865030602
-12.0,0.0013623675058517981,0.0005548203534615133,True,True,True,13823.675058517982,5748.203534615133,7.55869221141175,7.418616963129369,0.07946052023385396,7.4980774833632235,0.034535571545100785,3.7490387416816118,1.9946174011270421,288.9614381853501
-10.0,0.00188210819362924,0.0011228049322169421,True,True,True,19021.0819362924,11428.049322169421,21.132403627728305,20.740784733590974,0.21737055313599116,20.958155286726967,0.0344293405394601,10.479077643363484,5.586788699725727,296.54284428620286
-8.0,0.0018480342694499816,0.0007037542561277656,True,True,True,18680.342694499817,7237.542561277656,13.005619825953906,12.764603870384724,0.13519802327817618,12.8998018936629,0.03448061138268052,6.44990094683145,3.435248995836128,305.5648819817647
-6.0,0.0014055316441424946,0.0009749548110691262,True,True,True,14255.316441424946,9949.548110691263,13.703298385666242,13.44935327585455,0.1418322402434025,13.591185516097953,0.034459430258565515,6.795592758048977,3.620860966829797,312.6209919444306
-4.0,0.0016115619001478988,0.001263922152522233,True,True,True,16315.619001478988,12839.221525222329,20.36888785757752,19.99141819165058,0.2094767930313732,20.200894984681955,0.034428415404680696,10.100447492340978,5.385023864778412,321.62687677603884
-2.0,0.0010551709002877493,0.0013667083030757087,True,True,True,10751.709002877493,13867.083030757087,14.421108305871376,14.15386097393183,0.14909300621120122,14.30295398014303,0.034453938366119125,7.151476990071515,3.8108928682819165,330.82279350909914
0.0,0.0008196400203774489,0.001461547843437382,True,True,True,8396.400203774489,14815.47843437382,11.979431041776321,11.757432086067412,0.12439524241488303,11.881827328482295,0.03447531495166551,5.9409136642411475,3.1644866132438403,337.7981729906249
2.0,0.0010125997927136997,0.001810387189531583,True,True,True,10325.997927136998,18303.87189531583,18.331976928512184,17.992254639530582,0.1890030376675432,18.181257677198126,0.03444055711378039,9.090628838599063,4.8454953919174795,345.8081549957862
4.0,0.0011170274956071688,0.002055636152259261,True,True,True,11370.27495607169,20756.36152259261,22.962021030377194,22.53649625612599,0.23600174660340406,22.772498002729392,0.03442548716334345,11.386249001364696,6.070891547026877,356.72454193473055
6.0,0.0012461884895772538,0.002283603069599879,True,True,True,12661.884895772539,23036.03069599879,28.45799860098654,27.930624141468982,0.29167436300676,28.22229850447574,0.03441204920746512,14.11114925223787,7.525717176788008,370.32115065854543
8.0,0.001142035712021674,0.0021291401732640236,True,True,True,11620.35712021674,21491.401732640235,24.315541137675297,23.864933364965875,0.2497336285594667,24.114666993525343,0.03442202189386839,12.057333496762672,6.429132776573869,384.2760006119073
10.0,0.001495243180589554,0.0018447971737218535,True,True,True,15152.43180589554,18647.971737218537,27.584203935784842,27.073022357423522,0.28255734475677835,27.3555797021803,0.03440930491285592,13.67778985109015,7.294989220199311,398.0001226086805
12.0,0.0007936286384128112,0.0009686798148755093,True,True,True,8136.286384128112,9886.798148755093,7.687720425376245,7.545254067811862,0.08044109625928346,7.6256951640711454,0.03451263133012208,3.8128475820355727,2.029473811006037,407.32458563988587
14.0,0.0010282605322619591,0.0016134647162606294,True,True,True,10482.60532261959,16334.647162606294,16.590620879280454,16.283168839453314,0.17122736335342698,16.45439620280674,0.034445586085126545,8.22719810140337,4.38483896148006,413.73889841237195
16.0,0.0010009949511207347,0.0019724094634159996,True,True,True,10209.949511207347,19924.094634159996,19.743719144221732,19.377834903430838,0.20342093530472685,19.581255838735565,0.03443729526861074,9.790627919367783,5.218941295252195,423.3426786691042
18.0,0.0013229767771368607,0.0015002898589627038,True,True,True,13429.767771368608,15202.898589627039,19.848486423815935,19.48066066956073,0.20416847454902945,19.68482914410976,0.03442944589960193,9.84241457205488,5.247349002153621,433.80896896651
20.0,0.0010124229574749613,0.0013883030717576406,True,True,True,10324.229574749614,14083.030717576406,14.05549901780444,13.795027039374194,0.14539466788477806,13.940421707258972,0.03445666085594645,6.970210853629486,3.7141023226318466,442.77042029129547
22.0,0.0009423540252770092,0.0025365071308018996,True,True,True,9623.540252770092,25565.071308018996,23.902877048550074,23.459916633759814,0.24602216417804298,23.705938797937858,0.03443236842776412,11.852969398968929,6.318888995862136,452.80341160978946
24.0,0.0013372463644751198,0.0026946084636485304,True,True,True,13572.463644751198,27146.084636485302,36.03355371697885,35.36579151126528,0.3684317457609045,35.73422325702618,0.034400496218891144,17.86711162851309,9.53098103966851,468.65328164532013
26.0,0.0011313528907899678,0.0018507517774288026,True,True,True,11513.528907899678,18707.517774288026,20.938533735287468,20.550507575522513,0.2153862920694596,20.765893867591974,0.03442956269786268,10.382946933795987,5.535513855064647,483.7197765400533
28.0,0.0009828977249660875,0.0024357867377432915,True,True,True,10028.977249660875,24557.867377432915,23.941292430304493,23.49762011403887,0.24628603407046007,23.743906148109332,0.034429789534447516,11.871953074054666,6.329327373250592,495.58461776836856
30.0,0.0006876971269248603,0.0022619536026214685,True,True,True,7076.971269248603,22819.536026214686,15.555389937601209,15.26712246398334,0.16149078681565995,15.428613250799,0.03447418465758695,7.7143066253995,4.109192519038041,506.0231376606572
32.0,0.0006804211391468991,0.002675568515810322,True,True,True,7004.211391468992,26955.68515810322,18.205133773932378,17.867762101416393,0.1888001112120001,18.056562212628393,0.034469043352425406,9.028281106314196,4.809591526350138,514.9419217060454
34.0,0.0004002980583566982,0.004572825745790459,True,True,True,4202.980583566982,45928.25745790459,18.30493267243441,17.965711558891464,0.19303073585422292,18.158742294745686,0.03455096913148527,9.079371147372843,4.829086473218395,524.580599705614
36.0,0.0004017165869998407,0.004270446935352469,True,True,True,4217.165869998407,42904.46935352469,17.15509367833723,16.837181010498654,0.18093100090955708,17.01811201140821,0.03455167053318495,8.509056005704105,4.525688426467038,533.9353746052994
38.0,0.0005934656026177381,0.0029232132666886603,True,True,True,6134.656026177381,29432.132666886602,17.348265228955526,17.02677276819019,0.18055279916479022,17.20732556735498,0.03448633156614542,8.60366278367749,4.581842117860405,543.0429051496269
40.0,0.0003389248453587222,0.003018876574869283,True,True,True,3589.2484535872222,30388.76574869283,10.231722762946408,10.042111773863878,0.10907097745082468,10.151182751314703,0.03460482391547871,5.075591375657352,2.696741944164583,550.3214892116519
42.0,0.00045257006185439776,0.0025305846579962974,True,True,True,4725.700618543978,25505.846579962974,11.452668551971744,11.240431388975313,0.12053117302710509,11.360962562002419,0.034541116733387715,5.680481281001209,3.0218842609966656,556.0401154168131
44.0,0.00047979817434752966,0.003146076932075187,True,True,True,4997.981743475297,31660.769320751868,15.094819683665518,14.815087349575373,0.15823704664344218,14.973324396218816,0.034521682748836074,7.486662198109408,3.9842407562989246,563.0462404341088
46.0,0.0005292045188494142,0.0026687151713991135,True,True,True,5492.045188494142,26887.151713991134,14.122961282263999,13.861239114888422,0.14766306158274586,14.008902176471167,0.0345088530526167,7.004451088235584,3.728551239315323,570.759032429723
48.0,0.00029844746614008234,0.003860870581327943,True,True,True,3184.4746614008236,38808.705813279434,11.522670420921113,11.30913600584733,0.12358274546844666,11.432718751315777,0.03463536104755831,5.7163593756578885,3.0353817288477027,577.522965397886
50.0,0.00021430866003538756,0.001934490971311926,True,True,True,2343.0866003538754,19544.90971311926,4.145781679124141,4.0689533890197875,0.045794914872469034,4.114748303892257,0.03478585310950218,2.0573741519461284,1.0892553773697664,581.6476025041035
52.0,0.00044339733741090173,0.0033994801142196176,True,True,True,4633.973374109018,34194.80114219618,15.073204312262867,14.793872547270029,0.15845472170255914,14.952327268972589,0.03453551312340899,7.476163634486294,3.9775804150613743,586.7144382965346
54.0,0.0004266943167428499,0.003240447306443729,True,True,True,4466.943167428499,32604.47306443729,13.826804493642152,13.570570608437146,0.1456396286307014,13.716210237067848,0.03454526925477925,6.858105118533924,3.6480572672569003,594.3400759788528
56.0,0.0004450542448620894,0.002931060950042475,True,True,True,4650.542448620894,29510.609500424747,13.04481117765912,12.803068940589503,0.13723799804743228,12.940306938636935,0.03453934194432758,6.4701534693184675,3.442090723800575,601.4302239699103
58.0,0.00061579692588646,0.003102710290930421,True,True,True,6357.9692588646,31227.102909304213,19.106394590712373,18.75232104317004,0.19853722929605533,18.950858272466093,0.034478633742041846,9.475429136233046,5.046854792659974,609.919169486371
60.0,0.00045146249657003864,0.004063952147133612,True,True,True,4714.624965700386,40839.52147133612,18.347219822861092,18.00721505747342,0.1925386420128863,18.19975369948631,0.03452697966855007,9.099876849743154,4.842258601271553,619.8082828803025
62.0,0.00021581256936223508,0.0034722753456521453,True,True,True,2358.125693622351,34922.75345652145,7.493606638783324,7.3547375353591455,0.08235070715437814,7.437088242513524,0.03475928203585272,3.718544121256762,1.96976788306107,626.6203093646351
64.0,0.00025371429010946346,0.00280323970188715,True,True,True,2737.1429010946345,28232.3970188715,7.112219709709621,6.980418345953557,0.0772749084902339,7.057693254443791,0.034700972051150095,3.5288466272218955,1.8714142249832686,630.4614914726794
66.0,0.0003590531972403492,0.003406865948300942,True,True,True,3790.5319724034916,34268.65948300942,12.232461113067274,12.005773085615838,0.1298939775747892,12.135667063190628,0.03458545634795894,6.067833531595314,3.225154960786638,635.5580606584493
68.0,0.0002804936954630121,0.002283995649497949,True,True,True,3004.936954630121,23039.95649497949,6.406463801491222,6.287741278797266,0.06923271512117685,6.356973993918443,0.03467359038434278,3.1784869969592213,1.6865139469861539,640.4697295662221
70.0,0.0002577801725628306,0.0026994251311501967,True,True,True,2777.801725628306,27194.25131150197,6.9585827612833935,6.829628547946241,0.07553910618308116,6.905167654129322,0.034696489453095176,3.452583827064661,1.8311310119463409,643.9873745251546
72.0,0.00022359402013263623,0.003036882605992252,True,True,True,2435.940201326362,30568.826059922518,6.790287905446843,6.664452478145238,0.07446260348908502,6.738915081634323,0.03474830438387782,3.3694575408171614,1.785234704331437,647.6037402414323
74.0,0.0003675258597382071,0.002312304753733718,True,True,True,3875.258597382071,23323.04753733718,8.49831792592728,8.340829836696757,0.09038161136659682,8.431211448063355,0.03459316957644115,4.215605724031677,2.2403275986039364,651.6293025443676
76.0,0.00040297168789792256,0.0030404479661778165,True,True,True,4229.716878979225,30604.479661778165,12.252144488964804,12.02509169553418,0.1294460296090953,12.154537725143275,0.03456030035092355,6.077268862571637,3.231756195094067,657.1013863380656
78.0,0.0001729180788564751,0.0014754492705262043,True,True,True,1929.180788564751,14954.492705262042,2.5513185330957886,2.5040383201997956,0.028849676484709475,2.532887996684505,0.03490844076800769,1.2664439983422524,0.6688987872815162,661.0020413204412
80.0,0.00034699806056364606,0.00350824917525876,True,True,True,3669.9806056364605,35282.4917525876,12.173556597888005,11.947960169929962,0.12948353858077688,12.077443708510739,0.03459374370897713,6.038721854255369,3.2091624550046682,664.8801025627274
82.0,0.0002064186264890789,0.004351563287804975,True,True,True,2264.186264890789,43715.63287804975,8.982437169490034,8.815977538444653,0.09897806000858506,8.914955598453238,0.03477315874900351,4.457477799226619,2.3605513318463123,670.4498163495784
84.0,0.00036204905118405,0.002511208807372426,True,True,True,3820.4905118405,25312.08807372426,9.091807660342166,8.923321210604822,0.09670318370636652,9.02002439431119,0.03459366848534829,4.510012197155595,2.396762662066773,675.2071303434915
86.0,0.00017029639056490476,0.0029922693707203677,True,True,True,1902.9639056490475,30122.693707203678,5.095726734315975,5.001294368567462,0.05732148098149531,5.058615849548957,0.03488088329491335,2.5293079247744785,1.336627783888291,678.9405207894465
88.0,0.00024591628292323274,0.0019221308786584047,True,True,True,2659.1628292323276,19421.308786584046,4.726832809716422,4.639236667302963,0.051643852257700046,4.690880519560663,0.034729379477546465,2.3454402597803314,1.2431409950928543,681.5202895684276
90.0,0.00017170063472886278,0.002562676460880409,True,True,True,1917.006347288628,25826.764608804093,4.4001317493788195,4.318589925736512,0.04950938489310947,4.3680993106296215,0.0348822254066623,2.1840496553148108,1.1541436734962351,683.9175742370168
92.0,0.00016384107362753223,0.0012403251780356466,True,True,True,1838.4107362753223,12603.251780356466,2.0321620881662037,1.994502715210104,0.023169786079425395,2.0176725012895296,0.034952376180524415,1.0088362506447648,0.5323794813947893,685.6040973919078
94.0,0.00020894481126314908,0.002705877708542012,True,True,True,2289.448112631491,27258.777085420123,5.653791071124731,5.549016836922041,0.06240663374335864,5.611423470665399,0.03478204156628758,2.8057117353326997,1.485565684868082,687.6220425581706
96.0,0.00014104946626839244,0.0026844291754291576,True,True,True,1610.4946626839244,27044.291754291575,3.786373024295835,3.716205179563752,0.0435540635070215,3.759759243070773,0.03499981948369202,1.8798796215353866,0.9911213690938976,690.0987296121326
98.0,0.0001590127576432836,0.0039784975575315185,True,True,True,1790.1275764328361,39984.975575315184,6.3263186790015515,6.209081379890904,0.07157671234725799,6.280658092238162,0.03491142293199848,3.140329046119081,1.6585333497554409,692.7483843309819
100.0,0.00016090526702798377,0.0025354790732640834,True,True,True,1809.0526702798377,25554.790732640835,4.079719373274221,4.00411532853338,0.046229329904191555,4.050344658437571,0.034919564836444435,2.0251723292187855,1.0694039393188115,695.4763216200562
102.0,0.0002006191903367489,0.004136811126886455,True,True,True,2206.1919033674894,41568.11126886455,8.299236988520144,8.145438203068057,0.09170522333817886,8.237143426406236,0.034787582992805655,4.118571713203118,2.1804612393881255,698.7261867987631
104.0,0.00022161473884502178,0.0019131800205016162,True,True,True,2416.147388450218,19331.800205016163,4.239888906069791,4.161316651161623,0.04670797067611918,4.208024621837742,0.034771871728256146,2.104012310918871,1.1142521171139763,702.0209001552653
106.0,0.0002571566194670285,0.002607098793477612,True,True,True,2771.566194670285,26270.98793477612,6.704327123472714,6.580084693681894,0.07281072475034944,6.6528954184322435,0.034698706435982704,3.3264477092161218,1.7641563490366852,704.8993086214159
108.0,0.00016968376973178597,0.002980010658617268,True,True,True,1896.8376973178597,30000.10658617268,5.056594423950803,4.962887245567637,0.056904425552466,5.019791671120103,0.0348830274949805,2.5098958355600516,1.3263136669458877,707.9897786373984
110.0,0.00014531444955039307,0.0025843594660808966,True,True,True,1653.1444955039308,26043.594660808965,3.7554477325389324,3.68585298534805,0.04305322893671937,3.7289062142847693,0.0349817245833882,1.8644531071423847,0.9833368392493256,710.2994291435937
112.0,0.00010125075987330148,0.0025479800472539733,True,True,True,1212.5075987330147,25679.800472539733,2.579849159264754,2.532040225998558,0.03113653453830528,2.563176760536863,0.03526485466748599,1.2815883802684316,0.6721800955228783,711.9549460783659
114.0,8.124224380104999e-05,0.0018177813307244835,True,True,True,1012.4224380105,18377.813307244836,1.4768063404771559,1.4494386412745057,0.018605930166524728,1.4680445714410304,0.035512461915069425,0.7340222857205152,0.38311519160440316,713.0102413654931
116.0,6.215070712498681e-05,0.0016122021261280946,True,True,True,821.5070712498681,16322.021261280946,1.0019950216726825,0.9834263728227387,0.013408540948038788,0.9968349137707775,0.03587807699836985,0.49841745688538874,0.2582718268615517,713.6516283839591
118.0,7.398497717165597e-05,0.001662127673786468,True,True,True,939.8497717165598,16821.27673786468,1.2297247800146949,1.2069359166687985,0.01580933270584766,1.2227452493746462,0.03563262479471486,0.6113726246873231,0.3183440310219262,714.2282442418425
120.0,8.492791514969247e-05,0.0019135966996179064,True,True,True,1049.2791514969247,19335.966996179064,1.625177781358811,1.595060510426261,0.020288620248127536,1.6153491306743886,0.03545880399443232,0.8076745653371943,0.42200322853242683,714.9685915013969
122.0,8.320089039168837e-05,0.001999049880109547,True,True,True,1032.0089039168838,20190.49880109547,1.663227299625122,1.6324049072814724,0.020836553434477555,1.65324146071595,0.03547929514301249,0.826620730357975,0.4317280978359272,715.8223228277652
124.0,9.31596416349094e-05,0.0016969688545645338,True,True,True,1131.596416349094,17169.68854564534,1.5808901035683465,1.5515935576089583,0.019428980239856657,1.571022537848815,0.03536809842547286,0.7855112689244075,0.41115681809655474,716.6652077436977
126.0,5.479311707883915e-05,0.0020577698804653565,True,True,True,747.9311707883916,20777.698804653566,1.1275162598164714,1.1066214918303154,0.015540121337182099,1.1221616131674976,0.03606497074689729,0.5610808065837488,0.2896683921910421,717.3660329539853
128.0,0.00010307694690198633,0.0012720772901136954,True,True,True,1230.7694690198632,12920.772901136954,1.3112184328827203,1.2869193554231055,0.015902380280967937,1.3028217357040734,0.03529236259509312,0.6514108678520367,0.3414736391224313,717.9971749852988
130.0,8.438204455002669e-05,0.0009570919767950487,True,True,True,1043.820445500267,9770.919767950487,0.8076137782439291,0.7926473399580843,0.010199030675087777,0.8028463706331721,0.035526403651561574,0.40142318531658605,0.20946101999966896,718.5481096444208
132.0,9.422087539449472e-05,0.001626555962415025,True,True,True,1142.2087539449471,16465.55962415025,1.5325552665687852,1.5041544462328296,0.018806940766663054,1.5229613869994927,0.03535955325539031,0.7614806934997463,0.39864563400386177,719.1562162984244
134.0,7.683851744700033e-05,0.0010674600983114496,True,True,True,968.3851744700032,10874.600983114497,0.82022051388081,0.8050204516326479,0.010530740012488575,0.8155511916451365,0.03562464827423233,0.4077755958225682,0.21236372193696054,719.7672256543652
136.0,4.8886714323306444e-05,0.0013843277531733666,True,True,True,688.8671432330644,14043.277531733667,0.6767523539921105,0.6642109974505633,0.009673881216222866,0.6738848786667861,0.03630349390117776,0.3369424393333931,0.17313076086567578,720.1527201371679
138.0,4.6520506872464555e-05,0.0005958676795822473,True,True,True,665.2050687246456,6158.676795822473,0.2772006648308544,0.2720636714377909,0.004096769043266684,0.2761604404810576,0.03652900464327007,0.1380802202405288,0.07063175555097534,720.3964826535845
140.0,1.9202570634360687e-05,0.0011871853776874875,True,True,True,392.0257063436069,12071.853776874876,0.22797011071124149,0.2237454420826356,0.00473244751136526,0.22847788959400087,0.03929439993155576,0.11423894479700043,0.055252478078603826,720.522366887214
142.0,3.556313161358114e-05,0.001083691448443647,True,True,True,555.6313161358114,11036.91448443647,0.385394616095138,0.37825260726261584,0.006132419775815465,0.3843850270384313,0.037055487156355704,0.19219251351921565,0.09728214237843143,720.674901507671
144.0,3.966522908634332e-05,0.0014014582805940688,True,True,True,596.6522908634332,14214.582805940689,0.5558916375471655,0.5455900328555552,0.008481100586884106,0.5540711334424393,0.03675112189622694,0.27703556672121965,0.14108426060444088,720.9132679106539
146.0,5.6780078298865874e-05,0.0012592518171477246,True,True,True,767.8007829886587,12792.518171477246,0.7150041677563693,0.701753940928744,0.009822038873308375,0.7115759798020523,0.03604372423902412,0.35578798990102617,0.18375956709270858,721.238111738351
148.0,2.7197079077571562e-05,0.0010013474541659293,True,True,True,471.9707907757156,10213.474541659294,0.27233725895075744,0.2672903926282372,0.004820435901694621,0.2721108285299318,0.037884008911750394,0.1360554142649659,0.06772695098160054,721.4895982564253
150.0,3.180974597631238e-05,0.0009144746776767678,True,True,True,518.0974597631238,9344.746776767677,0.2908920719866812,0.28550135384824543,0.004841465691820775,0.2903428195400662,0.03739475241483551,0.1451714097700331,0.07298221384626073,721.6303074212532
152.0,0.0,0.0010340471189948129,False,True,False,0.0,10540.471189948128,0.0,0.0,0.0,0.0,nan,0.0,0.0,721.7032896350994
154.0,0.0,0.0007539521363447228,False,True,False,0.0,7739.521363447228,0.0,0.0,0.0,0.0,nan,0.0,0.0,721.7032896350994
156.0,0.0,0.0007399555242241564,False,True,False,0.0,7599.555242241564,0.0,0.0,0.0,0.0,nan,0.0,0.0,721.7032896350994
158.0,0.0,0.0009126625658497954,False,True,False,0.0,9326.625658497953,0.0,0.0,0.0,0.0,nan,0.0,0.0,721.7032896350994
160.0,0.0,0.0007834118311345863,False,True,False,0.0,8034.118311345863,0.0,0.0,0.0,0.0,nan,0.0,0.0,721.7032896350994
162.0,0.0,0.0007636314713779312,False,True,False,0.0,7836.314713779312,0.0,0.0,0.0,0.0,nan,0.0,0.0,721.7032896350994
164.0,0.0,0.0004763559637032025,False,True,False,0.0,4963.559637032025,0.0,0.0,0.0,0.0,nan,0.0,0.0,721.7032896350994
166.0,0.0,0.0005077835933438415,False,True,False,0.0,5277.835933438416,0.0,0.0,0.0,0.0,nan,0.0,0.0,721.7032896350994
168.0,0.0,0.001070458242906722,False,True,False,0.0,10904.582429067219,0.0,0.0,0.0,0.0,nan,0.0,0.0,721.7032896350994
170.0,0.0,0.0006555788014864643,False,True,False,0.0,6755.788014864643,0.0,0.0,0.0,0.0,nan,0.0,0.0,721.7032896350994
172.0,0.0,0.0007581440725239104,False,True,False,0.0,7781.440725239104,0.0,0.0,0.0,0.0,nan,0.0,0.0,721.7032896350994
174.0,0.0,0.0009510970738167277,False,True,False,0.0,9710.970738167278,0.0,0.0,0.0,0.0,nan,0.0,0.0,721.7032896350994
176.0,0.0,0.00071446391684026,False,True,False,0.0,7344.6391684026,0.0,0.0,0.0,0.0,nan,0.0,0.0,721.7032896350994
178.0,0.0,0.00045859286966403996,False,True,False,0.0,4785.9286966404,0.0,0.0,0.0,0.0,nan,0.0,0.0,721.7032896350994
180.0,0.0,0.0005226742437376927,False,True,False,0.0,5426.742437376926,0.0,0.0,0.0,0.0,nan,0.0,0.0,721.7032896350994
182.0,0.0,0.00033465569893121347,False,True,False,0.0,3546.5569893121346,0.0,0.0,0.0,0.0,nan,0.0,0.0,721.7032896350994
184.0,0.0,0.00044167271765601713,False,True,False,0.0,4616.727176560171,0.0,0.0,0.0,0.0,nan,0.0,0.0,721.7032896350994
186.0,0.0,0.000538996712579522,False,True,False,0.0,5589.96712579522,0.0,0.0,0.0,0.0,nan,0.0,0.0,721.7032896350994
188.0,0.0,0.00036552765553088943,False,True,False,0.0,3855.2765553088943,0.0,0.0,0.0,0.0,nan,0.0,0.0,721.7032896350994
190.0,0.0,0.0004144497571527682,False,True,False,0.0,4344.497571527682,0.0,0.0,0.0,0.0,nan,0.0,0.0,721.7032896350994
192.0,0.0,0.0002973410202673462,False,True,False,0.0,3173.4102026734618,0.0,0.0,0.0,0.0,nan,0.0,0.0,721.7032896350994
194.0,0.0,0.00040826285142224857,False,True,False,0.0,4282.628514222486,0.0,0.0,0.0,0.0,nan,0.0,0.0,721.7032896350994
196.0,0.0,0.0005382921340397611,False,True,False,0.0,5582.921340397611,0.0,0.0,0.0,0.0,nan,0.0,0.0,721.7032896350994
198.0,0.0,0.0005382684861913835,False,True,False,0.0,5582.684861913835,0.0,0.0,0.0,0.0,nan,0.0,0.0,721.7032896350994
200.0,0.0,0.0004592705638556741,False,True,False,0.0,4792.705638556741,0.0,0.0,0.0,0.0,nan,0.0,0.0,721.7032896350994
202.0,0.0,0.0004990766548666608,False,True,False,0.0,5190.766548666607,0.0,0.0,0.0,0.0,nan,0.0,0.0,721.7032896350994
204.0,0.0,0.0002963051245684222,False,True,False,0.0,3163.051245684222,0.0,0.0,0.0,0.0,nan,0.0,0.0,721.7032896350994
206.0,0.0,0.0003024524230884941,False,True,False,0.0,3224.5242308849406,0.0,0.0,0.0,0.0,nan,0.0,0.0,721.7032896350994
208.0,0.0,0.0002164519280985233,False,True,False,0.0,2364.519280985233,0.0,0.0,0.0,0.0,nan,0.0,0.0,721.7032896350994
210.0,0.0,0.0002782523985540715,False,True,False,0.0,2982.5239855407153,0.0,0.0,0.0,0.0,nan,0.0,0.0,721.7032896350994
212.0,0.0,0.00036626324792257806,False,True,False,0.0,3862.6324792257806,0.0,0.0,0.0,0.0,nan,0.0,0.0,721.7032896350994
214.0,0.0,0.00034623884741357303,False,True,False,0.0,3662.38847413573,0.0,0.0,0.0,0.0,nan,0.0,0.0,721.7032896350994
216.0,0.0,0.0002567330863744237,False,True,False,0.0,2767.330863744237,0.0,0.0,0.0,0.0,nan,0.0,0.0,721.7032896350994
218.0,0.0,0.0003548707931474227,False,True,False,0.0,3748.7079314742273,0.0,0.0,0.0,0.0,nan,0.0,0.0,721.7032896350994
220.0,0.0,0.00023510012311883232,False,True,False,0.0,2551.0012311883233,0.0,0.0,0.0,0.0,nan,0.0,0.0,721.7032896350994
222.0,0.0,0.0001963169854365145,False,True,False,0.0,2163.1698543651446,0.0,0.0,0.0,0.0,nan,0.0,0.0,721.7032896350994
224.0,0.0,0.00019120810625735974,False,True,False,0.0,2112.0810625735976,0.0,0.0,0.0,0.0,nan,0.0,0.0,721.7032896350994
226.0,0.0,0.00015437389083490754,False,True,False,0.0,1743.7389083490755,0.0,0.0,0.0,0.0,nan,0.0,0.0,721.7032896350994
228.0,0.0,0.00016099073844941868,False,True,False,0.0,1809.9073844941868,0.0,0.0,0.0,0.0,nan,0.0,0.0,721.7032896350994
230.0,0.0,0.0002648826993016222,False,True,False,0.0,2848.8269930162223,0.0,0.0,0.0,0.0,nan,0.0,0.0,721.7032896350994
232.0,0.0,0.00027557120440513313,False,True,False,0.0,2955.7120440513313,0.0,0.0,0.0,0.0,nan,0.0,0.0,721.7032896350994
234.0,0.0,0.00021412001584908733,False,True,False,0.0,2341.2001584908735,0.0,0.0,0.0,0.0,nan,0.0,0.0,721.7032896350994
236.0,0.0,0.00011749050216815694,False,True,False,0.0,1374.9050216815695,0.0,0.0,0.0,0.0,nan,0.0,0.0,721.7032896350994
238.0,0.0,0.00028198172224309427,False,True,False,0.0,3019.817222430943,0.0,0.0,0.0,0.0,nan,0.0,0.0,721.7032896350994
240.0,0.0,0.00021392953954147567,False,True,False,0.0,2339.2953954147565,0.0,0.0,0.0,0.0,nan,0.0,0.0,721.7032896350994
242.0,0.0,0.00015641327399808927,False,True,False,0.0,1764.1327399808927,0.0,0.0,0.0,0.0,nan,0.0,0.0,721.7032896350994
244.0,0.0,0.0001383011305741286,False,True,False,0.0,1583.011305741286,0.0,0.0,0.0,0.0,nan,0.0,0.0,721.7032896350994
246.0,0.0,0.00014635406470204384,False,True,False,0.0,1663.5406470204384,0.0,0.0,0.0,0.0,nan,0.0,0.0,721.7032896350994
248.0,0.0,0.00015221561851997233,False,True,False,0.0,1722.1561851997233,0.0,0.0,0.0,0.0,nan,0.0,0.0,721.7032896350994
250.0,0.0,0.00013021170363833545,False,True,False,0.0,1502.1170363833546,0.0,0.0,0.0,0.0,nan,0.0,0.0,721.7032896350994
252.0,0.0,0.0001726646689950134,False,True,False,0.0,1926.646689950134,0.0,0.0,0.0,0.0,nan,0.0,0.0,721.7032896350994
254.0,0.0,0.0001545501891897095,False,True,False,0.0,1745.5018918970948,0.0,0.0,0.0,0.0,nan,0.0,0.0,721.7032896350994
256.0,0.0,0.00011649686966916355,False,True,False,0.0,1364.9686966916356,0.0,0.0,0.0,0.0,nan,0.0,0.0,721.7032896350994
258.0,0.0,7.618471559752964e-05,False,True,False,0.0,961.8471559752963,0.0,0.0,0.0,0.0,nan,0.0,0.0,721.7032896350994
260.0,0.0,8.609647107300145e-05,False,True,False,0.0,1060.9647107300143,0.0,0.0,0.0,0.0,nan,0.0,0.0,721.7032896350994
262.0,0.0,4.698305646766765e-05,False,True,False,0.0,669.8305646766765,0.0,0.0,0.0,0.0,nan,0.0,0.0,721.7032896350994
264.0,0.0,6.53493952888792e-05,False,True,False,0.0,853.493952888792,0.0,0.0,0.0,0.0,nan,0.0,0.0,721.7032896350994
266.0,0.0,5.1450525835455484e-05,False,True,False,0.0,714.5052583545548,0.0,0.0,0.0,0.0,nan,0.0,0.0,721.7032896350994
268.0,0.0,7.792587597846534e-05,False,True,False,0.0,979.2587597846534,0.0,0.0,0.0,0.0,nan,0.0,0.0,721.7032896350994
270.0,0.0,9.429660603397727e-05,False,True,False,0.0,1142.9660603397726,0.0,0.0,0.0,0.0,nan,0.0,0.0,721.7032896350994
272.0,0.0,7.662675241257216e-05,False,True,False,0.0,966.2675241257216,0.0,0.0,0.0,0.0,nan,0.0,0.0,721.7032896350994
274.0,0.0,7.174765886762817e-05,False,True,False,0.0,917.4765886762817,0.0,0.0,0.0,0.0,nan,0.0,0.0,721.7032896350994
276.0,0.0,2.873985188257299e-05,False,True,False,0.0,487.3985188257299,0.0,0.0,0.0,0.0,nan,0.0,0.0,721.7032896350994
278.0,0.0,4.8648493469333964e-05,False,True,False,0.0,686.4849346933397,0.0,0.0,0.0,0.0,nan,0.0,0.0,721.7032896350994
280.0,0.0,4.637314175069211e-05,False,True,False,0.0,663.7314175069212,0.0,0.0,0.0,0.0,nan,0.0,0.0,721.7032896350994
282.0,0.0,3.581630645239168e-05,False,True,False,0.0,558.1630645239168,0.0,0.0,0.0,0.0,nan,0.0,0.0,721.7032896350994
284.0,0.0,4.433817270842079e-05,False,True,False,0.0,643.3817270842078,0.0,0.0,0.0,0.0,nan,0.0,0.0,721.7032896350994
286.0,0.0,5.898147803944537e-05,False,True,False,0.0,789.8147803944537,0.0,0.0,0.0,0.0,nan,0.0,0.0,721.7032896350994
288.0,0.0,6.431068832987736e-05,False,True,False,0.0,843.1068832987736,0.0,0.0,0.0,0.0,nan,0.0,0.0,721.7032896350994
290.0,0.0,5.104467971836518e-05,False,True,False,0.0,710.4467971836518,0.0,0.0,0.0,0.0,nan,0.0,0.0,721.7032896350994
292.0,0.0,3.526763218386318e-05,False,True,False,0.0,552.6763218386318,0.0,0.0,0.0,0.0,nan,0.0,0.0,721.7032896350994
294.0,0.0,0.0,False,False,False,0.0,0.0,0.0,0.0,0.0,0.0,nan,0.0,0.0,721.7032896350994
296.0,0.0,0.0,False,False,False,0.0,0.0,0.0,0.0,0.0,0.0,nan,0.0,0.0,721.7032896350994
298.0,0.0,0.0,False,False,False,0.0,0.0,0.0,0.0,0.0,0.0,nan,0.0,0.0,721.7032896350994
300.0,0.0,0.0,False,False,False,0.0,0.0,0.0,0.0,0.0,0.0,nan,0.0,0.0,721.7032896350994
302.0,0.0,0.0,False,False,False,0.0,0.0,0.0,0.0,0.0,0.0,nan,0.0,0.0,721.7032896350994
304.0,0.0,0.0,False,False,False,0.0,0.0,0.0,0.0,0.0,0.0,nan,0.0,0.0,721.7032896350994
306.0,0.0,0.0,False,False,False,0.0,0.0,0.0,0.0,0.0,0.0,nan,0.0,0.0,721.7032896350994
308.0,0.0,0.0,False,False,False,0.0,0.0,0.0,0.0,0.0,0.0,nan,0.0,0.0,721.7032896350994
310.0,0.0,0.0,False,False,False,0.0,0.0,0.0,0.0,0.0,0.0,nan,0.0,0.0,721.7032896350994
312.0,0.0,0.0,False,False,False,0.0,0.0,0.0,0.0,0.0,0.0,nan,0.0,0.0,721.7032896350994
314.0,0.0,0.0,False,False,False,0.0,0.0,0.0,0.0,0.0,0.0,nan,0.0,0.0,721.7032896350994
316.0,0.0,0.0,False,False,False,0.0,0.0,0.0,0.0,0.0,0.0,nan,0.0,0.0,721.7032896350994
318.0,0.0,0.0,False,False,False,0.0,0.0,0.0,0.0,0.0,0.0,nan,0.0,0.0,721.7032896350994
320.0,0.0,0.0,False,False,False,0.0,0.0,0.0,0.0,0.0,0.0,nan,0.0,0.0,721.7032896350994
322.0,0.0,0.0,False,False,False,0.0,0.0,0.0,0.0,0.0,0.0,nan,0.0,0.0,721.7032896350994
324.0,0.0,0.0,False,False,False,0.0,0.0,0.0,0.0,0.0,0.0,nan,0.0,0.0,721.7032896350994
326.0,0.0,0.0,False,False,False,0.0,0.0,0.0,0.0,0.0,0.0,nan,0.0,0.0,721.7032896350994
328.0,0.0,0.0,False,False,False,0.0,0.0,0.0,0.0,0.0,0.0,nan,0.0,0.0,721.7032896350994
330.0,0.0,0.0,False,False,False,0.0,0.0,0.0,0.0,0.0,0.0,nan,0.0,0.0,721.7032896350994
332.0,0.0,0.0,False,False,False,0.0,0.0,0.0,0.0,0.0,0.0,nan,0.0,0.0,721.7032896350994
334.0,0.0,0.0,False,False,False,0.0,0.0,0.0,0.0,0.0,0.0,nan,0.0,0.0,721.7032896350994
336.0,0.0,0.0,False,False,False,0.0,0.0,0.0,0.0,0.0,0.0,nan,0.0,0.0,721.7032896350994
338.0,0.0,0.0,False,False,False,0.0,0.0,0.0,0.0,0.0,0.0,nan,0.0,0.0,721.7032896350994
340.0,0.0,0.0,False,False,False,0.0,0.0,0.0,0.0,0.0,0.0,nan,0.0,0.0,721.7032896350994
342.0,0.0,0.0,False,False,False,0.0,0.0,0.0,0.0,0.0,0.0,nan,0.0,0.0,721.7032896350994
344.0,0.0,0.0,False,False,False,0.0,0.0,0.0,0.0,0.0,0.0,nan,0.0,0.0,721.7032896350994
346.0,0.0,0.0,False,False,False,0.0,0.0,0.0,0.0,0.0,0.0,nan,0.0,0.0,721.7032896350994
348.0,0.0,0.0,False,False,False,0.0,0.0,0.0,0.0,0.0,0.0,nan,0.0,0.0,721.7032896350994
350.0,0.0,0.0,False,False,False,0.0,0.0,0.0,0.0,0.0,0.0,nan,0.0,0.0,721.7032896350994
352.0,0.0,0.0,False,False,False,0.0,0.0,0.0,0.0,0.0,0.0,nan,0.0,0.0,721.7032896350994
354.0,0.0,0.0,False,False,False,0.0,0.0,0.0,0.0,0.0,0.0,nan,0.0,0.0,721.7032896350994
356.0,0.0,0.0,False,False,False,0.0,0.0,0.0,0.0,0.0,0.0,nan,0.0,0.0,721.7032896350994
358.0,0.0,0.0,False,False,False,0.0,0.0,0.0,0.0,0.0,0.0,nan,0.0,0.0,721.7032896350994
360.0,0.0,0.0,False,False,False,0.0,0.0,0.0,0.0,0.0,0.0,nan,0.0,0.0,721.7032896350994
362.0,0.0,0.0,False,False,False,0.0,0.0,0.0,0.0,0.0,0.0,nan,0.0,0.0,721.7032896350994
364.0,0.0,0.0,False,False,False,0.0,0.0,0.0,0.0,0.0,0.0,nan,0.0,0.0,721.7032896350994
366.0,0.0,0.0,False,False,False,0.0,0.0,0.0,0.0,0.0,0.0,nan,0.0,0.0,721.7032896350994
368.0,0.0,0.0,False,False,False,0.0,0.0,0.0,0.0,0.0,0.0,nan,0.0,0.0,721.7032896350994
370.0,0.0,0.0,False,False,False,0.0,0.0,0.0,0.0,0.0,0.0,nan,0.0,0.0,721.7032896350994
372.0,0.0,0.0,False,False,False,0.0,0.0,0.0,0.0,0.0,0.0,nan,0.0,0.0,721.7032896350994
374.0,0.0,0.0,False,False,False,0.0,0.0,0.0,0.0,0.0,0.0,nan,0.0,0.0,721.7032896350994
376.0,0.0,0.0,False,False,False,0.0,0.0,0.0,0.0,0.0,0.0,nan,0.0,0.0,721.7032896350994
378.0,0.0,0.0,False,False,False,0.0,0.0,0.0,0.0,0.0,0.0,nan,0.0,0.0,721.7032896350994
380.0,0.0,0.0,False,False,False,0.0,0.0,0.0,0.0,0.0,0.0,nan,0.0,0.0,721.7032896350994
382.0,0.0,0.0,False,False,False,0.0,0.0,0.0,0.0,0.0,0.0,nan,0.0,0.0,721.7032896350994
384.0,0.0,0.0,False,False,False,0.0,0.0,0.0,0.0,0.0,0.0,nan,0.0,0.0,721.7032896350994
386.0,0.0,0.0,False,False,False,0.0,0.0,0.0,0.0,0.0,0.0,nan,0.0,0.0,721.7032896350994
388.0,0.0,0.0,False,False,False,0.0,0.0,0.0,0.0,0.0,0.0,nan,0.0,0.0,721.7032896350994
390.0,0.0,0.0,False,False,False,0.0,0.0,0.0,0.0,0.0,0.0,nan,0.0,0.0,721.7032896350994
392.0,0.0,0.0,False,False,False,0.0,0.0,0.0,0.0,0.0,0.0,nan,0.0,0.0,721.7032896350994
394.0,0.0,0.0,False,False,False,0.0,0.0,0.0,0.0,0.0,0.0,nan,0.0,0.0,721.7032896350994
396.0,0.0,0.0,False,False,False,0.0,0.0,0.0,0.0,0.0,0.0,nan,0.0,0.0,721.7032896350994
398.0,0.0,0.0,False,False,False,0.0,0.0,0.0,0.0,0.0,0.0,nan,0.0,0.0,721.7032896350994
400.0,0.0,0.0,False,False,False,0.0,0.0,0.0,0.0,0.0,0.0,nan,0.0,0.0,721.7032896350994
402.0,0.0,0.0,False,False,False,0.0,0.0,0.0,0.0,0.0,0.0,nan,0.0,0.0,721.7032896350994
404.0,0.0,0.0,False,False,False,0.0,0.0,0.0,0.0,0.0,0.0,nan,0.0,0.0,721.7032896350994
406.0,0.0,0.0,False,False,False,0.0,0.0,0.0,0.0,0.0,0.0,nan,0.0,0.0,721.7032896350994
408.0,0.0,0.0,False,False,False,0.0,0.0,0.0,0.0,0.0,0.0,nan,0.0,0.0,721.7032896350994
410.0,0.0,0.0,False,False,False,0.0,0.0,0.0,0.0,0.0,0.0,nan,0.0,0.0,721.7032896350994
412.0,0.0,0.0,False,False,False,0.0,0.0,0.0,0.0,0.0,0.0,nan,0.0,0.0,721.7032896350994
414.0,0.0,0.0,False,False,False,0.0,0.0,0.0,0.0,0.0,0.0,nan,0.0,0.0,721.7032896350994
416.0,0.0,0.0,False,False,False,0.0,0.0,0.0,0.0,0.0,0.0,nan,0.0,0.0,721.7032896350994
418.0,0.0,0.0,False,False,False,0.0,0.0,0.0,0.0,0.0,0.0,nan,0.0,0.0,721.7032896350994
420.0,0.0,0.0,False,False,False,0.0,0.0,0.0,0.0,0.0,0.0,nan,0.0,0.0,721.7032896350994
422.0,0.0,0.0,False,False,False,0.0,0.0,0.0,0.0,0.0,0.0,nan,0.0,0.0,721.7032896350994
424.0,0.0,0.0,False,False,False,0.0,0.0,0.0,0.0,0.0,0.0,nan,0.0,0.0,721.7032896350994
426.0,0.0,0.0,False,False,False,0.0,0.0,0.0,0.0,0.0,0.0,nan,0.0,0.0,721.7032896350994
428.0,0.0,0.0,False,False,False,0.0,0.0,0.0,0.0,0.0,0.0,nan,0.0,0.0,721.7032896350994
430.0,0.0,0.0,False,False,False,0.0,0.0,0.0,0.0,0.0,0.0,nan,0.0,0.0,721.7032896350994
432.0,0.0,0.0,False,False,False,0.0,0.0,0.0,0.0,0.0,0.0,nan,0.0,0.0,721.7032896350994
434.0,0.0,0.0,False,False,False,0.0,0.0,0.0,0.0,0.0,0.0,nan,0.0,0.0,721.7032896350994
436.0,0.0,0.0,False,False,False,0.0,0.0,0.0,0.0,0.0,0.0,nan,0.0,0.0,721.7032896350994
438.0,0.0,0.0,False,False,False,0.0,0.0,0.0,0.0,0.0,0.0,nan,0.0,0.0,721.7032896350994
440.0,0.0,0.0,False,False,False,0.0,0.0,0.0,0.0,0.0,0.0,nan,0.0,0.0,721.7032896350994
442.0,0.0,0.0,False,False,False,0.0,0.0,0.0,0.0,0.0,0.0,nan,0.0,0.0,721.7032896350994
444.0,0.0,0.0,False,False,False,0.0,0.0,0.0,0.0,0.0,0.0,nan,0.0,0.0,721.7032896350994
446.0,0.0,0.0,False,False,False,0.0,0.0,0.0,0.0,0.0,0.0,nan,0.0,0.0,721.7032896350994
448.0,0.0,0.0,False,False,False,0.0,0.0,0.0,0.0,0.0,0.0,nan,0.0,0.0,721.7032896350994
450.0,0.0,0.0,False,False,False,0.0,0.0,0.0,0.0,0.0,0.0,nan,0.0,0.0,721.7032896350994
452.0,0.0,0.0,False,False,False,0.0,0.0,0.0,0.0,0.0,0.0,nan,0.0,0.0,721.7032896350994
454.0,0.0,0.0,False,False,False,0.0,0.0,0.0,0.0,0.0,0.0,nan,0.0,0.0,721.7032896350994
456.0,0.0,0.0,False,False,False,0.0,0.0,0.0,0.0,0.0,0.0,nan,0.0,0.0,721.7032896350994
458.0,0.0,0.0,False,False,False,0.0,0.0,0.0,0.0,0.0,0.0,nan,0.0,0.0,721.7032896350994
460.0,0.0,0.0,False,False,False,0.0,0.0,0.0,0.0,0.0,0.0,nan,0.0,0.0,721.7032896350994
462.0,0.0,0.0,False,False,False,0.0,0.0,0.0,0.0,0.0,0.0,nan,0.0,0.0,721.7032896350994
464.0,0.0,0.0,False,False,False,0.0,0.0,0.0,0.0,0.0,0.0,nan,0.0,0.0,721.7032896350994
466.0,0.0,0.0,False,False,False,0.0,0.0,0.0,0.0,0.0,0.0,nan,0.0,0.0,721.7032896350994
468.0,0.0,0.0,False,False,False,0.0,0.0,0.0,0.0,0.0,0.0,nan,0.0,0.0,721.7032896350994
470.0,0.0,0.0,False,False,False,0.0,0.0,0.0,0.0,0.0,0.0,nan,0.0,0.0,721.7032896350994
472.0,0.0,0.0,False,False,False,0.0,0.0,0.0,0.0,0.0,0.0,nan,0.0,0.0,721.7032896350994
474.0,0.0,0.0,False,False,False,0.0,0.0,0.0,0.0,0.0,0.0,nan,0.0,0.0,721.7032896350994
476.0,0.0,0.0,False,False,False,0.0,0.0,0.0,0.0,0.0,0.0,nan,0.0,0.0,721.7032896350994
478.0,0.0,0.0,False,False,False,0.0,0.0,0.0,0.0,0.0,0.0,nan,0.0,0.0,721.7032896350994
480.0,0.0,0.0,False,False,False,0.0,0.0,0.0,0.0,0.0,0.0,nan,0.0,0.0,721.7032896350994
482.0,0.0,0.0,False,False,False,0.0,0.0,0.0,0.0,0.0,0.0,nan,0.0,0.0,721.7032896350994
484.0,0.0,0.0,False,False,False,0.0,0.0,0.0,0.0,0.0,0.0,nan,0.0,0.0,721.7032896350994
486.0,0.0,0.0,False,False,False,0.0,0.0,0.0,0.0,0.0,0.0,nan,0.0,0.0,721.7032896350994
488.0,0.0,0.0,False,False,False,0.0,0.0,0.0,0.0,0.0,0.0,nan,0.0,0.0,721.7032896350994
490.0,0.0,0.0,False,False,False,0.0,0.0,0.0,0.0,0.0,0.0,nan,0.0,0.0,721.7032896350994
492.0,0.0,0.0,False,False,False,0.0,0.0,0.0,0.0,0.0,0.0,nan,0.0,0.0,721.7032896350994
494.0,0.0,0.0,False,False,False,0.0,0.0,0.0,0.0,0.0,0.0,nan,0.0,0.0,721.7032896350994
496.0,0.0,0.0,False,False,False,0.0,0.0,0.0,0.0,0.0,0.0,nan,0.0,0.0,721.7032896350994
498.0,0.0,0.0,False,False,False,0.0,0.0,0.0,0.0,0.0,0.0,nan,0.0,0.0,721.7032896350994
500.0,0.0,0.0,False,False,False,0.0,0.0,0.0,0.0,0.0,0.0,nan,0.0,0.0,721.7032896350994
502.0,0.0,0.0,False,False,False,0.0,0.0,0.0,0.0,0.0,0.0,nan,0.0,0.0,721.7032896350994
504.0,0.0,0.0,False,False,False,0.0,0.0,0.0,0.0,0.0,0.0,nan,0.0,0.0,721.7032896350994
506.0,0.0,0.0,False,False,False,0.0,0.0,0.0,0.0,0.0,0.0,nan,0.0,0.0,721.7032896350994
508.0,0.0,0.0,False,False,False,0.0,0.0,0.0,0.0,0.0,0.0,nan,0.0,0.0,721.7032896350994
510.0,0.0,0.0,False,False,False,0.0,0.0,0.0,0.0,0.0,0.0,nan,0.0,0.0,721.7032896350994
512.0,0.0,0.0,False,False,False,0.0,0.0,0.0,0.0,0.0,0.0,nan,0.0,0.0,721.7032896350994
514.0,0.0,0.0,False,False,False,0.0,0.0,0.0,0.0,0.0,0.0,nan,0.0,0.0,721.7032896350994
516.0,0.0,0.0,False,False,False,0.0,0.0,0.0,0.0,0.0,0.0,nan,0.0,0.0,721.7032896350994
518.0,0.0,0.0,False,False,False,0.0,0.0,0.0,0.0,0.0,0.0,nan,0.0,0.0,721.7032896350994
520.0,0.0,0.0,False,False,False,0.0,0.0,0.0,0.0,0.0,0.0,nan,0.0,0.0,721.7032896350994
522.0,0.0,0.0,False,False,False,0.0,0.0,0.0,0.0,0.0,0.0,nan,0.0,0.0,721.7032896350994
524.0,0.0,0.0,False,False,False,0.0,0.0,0.0,0.0,0.0,0.0,nan,0.0,0.0,721.7032896350994
526.0,0.0,0.0,False,False,False,0.0,0.0,0.0,0.0,0.0,0.0,nan,0.0,0.0,721.7032896350994
528.0,0.0,0.0,False,False,False,0.0,0.0,0.0,0.0,0.0,0.0,nan,0.0,0.0,721.7032896350994
530.0,0.0,0.0,False,False,False,0.0,0.0,0.0,0.0,0.0,0.0,nan,0.0,0.0,721.7032896350994
532.0,0.0,0.0,False,False,False,0.0,0.0,0.0,0.0,0.0,0.0,nan,0.0,0.0,721.7032896350994
534.0,0.0,0.0,False,False,False,0.0,0.0,0.0,0.0,0.0,0.0,nan,0.0,0.0,721.7032896350994
536.0,0.0,0.0,False,False,False,0.0,0.0,0.0,0.0,0.0,0.0,nan,0.0,0.0,721.7032896350994
538.0,0.0,0.0,False,False,False,0.0,0.0,0.0,0.0,0.0,0.0,nan,0.0,0.0,721.7032896350994
540.0,0.0,0.0,False,False,False,0.0,0.0,0.0,0.0,0.0,0.0,nan,0.0,0.0,721.7032896350994
542.0,0.0,0.0,False,False,False,0.0,0.0,0.0,0.0,0.0,0.0,nan,0.0,0.0,721.7032896350994
544.0,0.0,0.0,False,False,False,0.0,0.0,0.0,0.0,0.0,0.0,nan,0.0,0.0,721.7032896350994
546.0,0.0,0.0,False,False,False,0.0,0.0,0.0,0.0,0.0,0.0,nan,0.0,0.0,721.7032896350994
548.0,0.0,0.0,False,False,False,0.0,0.0,0.0,0.0,0.0,0.0,nan,0.0,0.0,721.7032896350994
550.0,0.0,0.0,False,False,False,0.0,0.0,0.0,0.0,0.0,0.0,nan,0.0,0.0,721.7032896350994
552.0,0.0,0.0,False,False,False,0.0,0.0,0.0,0.0,0.0,0.0,nan,0.0,0.0,721.7032896350994
554.0,0.0,0.0,False,False,False,0.0,0.0,0.0,0.0,0.0,0.0,nan,0.0,0.0,721.7032896350994
556.0,0.0,0.0,False,False,False,0.0,0.0,0.0,0.0,0.0,0.0,nan,0.0,0.0,721.7032896350994
558.0,0.0,0.0,False,False,False,0.0,0.0,0.0,0.0,0.0,0.0,nan,0.0,0.0,721.7032896350994
560.0,0.0,0.0,False,False,False,0.0,0.0,0.0,0.0,0.0,0.0,nan,0.0,0.0,721.7032896350994
562.0,0.0,0.0,False,False,False,0.0,0.0,0.0,0.0,0.0,0.0,nan,0.0,0.0,721.7032896350994
564.0,0.0,0.0,False,False,False,0.0,0.0,0.0,0.0,0.0,0.0,nan,0.0,0.0,721.7032896350994
566.0,0.0,0.0,False,False,False,0.0,0.0,0.0,0.0,0.0,0.0,nan,0.0,0.0,721.7032896350994
568.0,0.0,0.0,False,False,False,0.0,0.0,0.0,0.0,0.0,0.0,nan,0.0,0.0,721.7032896350994
570.0,0.0,0.0,False,False,False,0.0,0.0,0.0,0.0,0.0,0.0,nan,0.0,0.0,721.7032896350994
572.0,0.0,0.0,False,False,False,0.0,0.0,0.0,0.0,0.0,0.0,nan,0.0,0.0,721.7032896350994
574.0,0.0,0.0,False,False,False,0.0,0.0,0.0,0.0,0.0,0.0,nan,0.0,0.0,721.7032896350994
576.0,0.0,0.0,False,False,False,0.0,0.0,0.0,0.0,0.0,0.0,nan,0.0,0.0,721.7032896350994
578.0,0.0,0.0,False,False,False,0.0,0.0,0.0,0.0,0.0,0.0,nan,0.0,0.0,721.7032896350994
580.0,0.0,0.0,False,False,False,0.0,0.0,0.0,0.0,0.0,0.0,nan,0.0,0.0,721.7032896350994
582.0,0.0,0.0,False,False,False,0.0,0.0,0.0,0.0,0.0,0.0,nan,0.0,0.0,721.7032896350994
584.0,0.0,0.0,False,False,False,0.0,0.0,0.0,0.0,0.0,0.0,nan,0.0,0.0,721.7032896350994
586.0,0.0,0.0,False,False,False,0.0,0.0,0.0,0.0,0.0,0.0,nan,0.0,0.0,721.7032896350994
588.0,0.0,0.0,False,False,False,0.0,0.0,0.0,0.0,0.0,0.0,nan,0.0,0.0,721.7032896350994
590.0,0.0,0.0,False,False,False,0.0,0.0,0.0,0.0,0.0,0.0,nan,0.0,0.0,721.7032896350994
592.0,0.0,0.0,False,False,False,0.0,0.0,0.0,0.0,0.0,0.0,nan,0.0,0.0,721.7032896350994
594.0,0.0,0.0,False,False,False,0.0,0.0,0.0,0.0,0.0,0.0,nan,0.0,0.0,721.7032896350994
596.0,0.0,0.0,False,False,False,0.0,0.0,0.0,0.0,0.0,0.0,nan,0.0,0.0,721.7032896350994
598.0,0.0,0.0,False,False,False,0.0,0.0,0.0,0.0,0.0,0.0,nan,0.0,0.0,721.7032896350994
600.0,0.0,0.0,False,False,False,0.0,0.0,0.0,0.0,0.0,0.0,nan,0.0,0.0,721.7032896350994
