time_s,generated_a_bits,generated_b_bits,delivered_bits,delivered_step_bits,pool_a_bits,pool_b_bits
-600.0,0.0,0.0,0.0,0.0,0.0,0.0
-598.0,0.0,0.0,0.0,0.0,0.0,0.0
-596.0,0.0,0.0,0.0,0.0,0.0,0.0
-594.0,0.0,0.0,0.0,0.0,0.0,0.0
-592.0,0.0,0.0,0.0,0.0,0.0,0.0
-590.0,0.0,0.0,0.0,0.0,0.0,0.0
-588.0,0.0,0.0,0.0,0.0,0.0,0.0
-586.0,0.0,0.0,0.0,0.0,0.0,0.0
-584.0,0.0,0.0,0.0,0.0,0.0,0.0
-582.0,0.0,0.0,0.0,0.0,0.0,0.0
-580.0,0.0,0.0,0.0,0.0,0.0,0.0
-578.0,0.0,0.0,0.0,0.0,0.0,0.0
-576.0,0.0,0.0,0.0,0.0,0.0,0.0
-574.0,0.0,0.0,0.0,0.0,0.0,0.0
-572.0,0.0,0.0,0.0,0.0,0.0,0.0
-570.0,0.0,0.0,0.0,0.0,0.0,0.0
-568.0,0.0,0.0,0.0,0.0,0.0,0.0
-566.0,0.0,0.0,0.0,0.0,0.0,0.0
-564.0,0.0,0.0,0.0,0.0,0.0,0.0
-562.0,0.0,0.0,0.0,0.0,0.0,0.0
-560.0,0.0,0.0,0.0,0.0,0.0,0.0
-558.0,0.0,0.0,0.0,0.0,0.0,0.0
-556.0,0.0,0.0,0.0,0.0,0.0,0.0
-554.0,0.0,0.0,0.0,0.0,0.0,0.0
-552.0,0.0,0.0,0.0,0.0,0.0,0.0
-550.0,0.0,0.0,0.0,0.0,0.0,0.0
-548.0,0.0,0.0,0.0,0.0,0.0,0.0
-546.0,0.0,0.0,0.0,0.0,0.0,0.0
-544.0,0.0,0.0,0.0,0.0,0.0,0.0
-542.0,0.0,0.0,0.0,0.0,0.0,0.0
-540.0,0.0,0.0,0.0,0.0,0.0,0.0
-538.0,0.0,0.0,0.0,0.0,0.0,0.0
-536.0,0.0,0.0,0.0,0.0,0.0,0.0
-534.0,0.0,0.0,0.0,0.0,0.0,0.0
-532.0,0.0,0.0,0.0,0.0,0.0,0.0
-530.0,0.0,0.0,0.0,0.0,0.0,0.0
-528.0,0.0,0.0,0.0,0.0,0.0,0.0
-526.0,0.0,0.0,0.0,0.0,0.0,0.0
-524.0,0.0,0.0,0.0,0.0,0.0,0.0
-522.0,0.0,0.0,0.0,0.0,0.0,0.0
-520.0,0.0,0.0,0.0,0.0,0.0,0.0
-518.0,0.0,0.0,0.0,0.0,0.0,0.0
-516.0,0.0,0.0,0.0,0.0,0.0,0.0
-514.0,0.0,0.0,0.0,0.0,0.0,0.0
-512.0,0.0,0.0,0.0,0.0,0.0,0.0
-510.0,0.0,0.0,0.0,0.0,0.0,0.0
-508.0,0.0,0.0,0.0,0.0,0.0,0.0
-506.0,0.0,0.0,0.0,0.0,0.0,0.0
-504.0,0.0,0.0,0.0,0.0,0.0,0.0
-502.0,0.0,0.0,0.0,0.0,0.0,0.0
-500.0,0.0,0.0,0.0,0.0,0.0,0.0
-498.0,0.0,0.0,0.0,0.0,0.0,0.0
-496.0,0.0,0.0,0.0,0.0,0.0,0.0
-494.0,0.0,0.0,0.0,0.0,0.0,0.0
-492.0,0.0,0.0,0.0,0.0,0.0,0.0
-490.0,0.0,0.0,0.0,0.0,0.0,0.0
-488.0,0.0,0.0,0.0,0.0,0.0,0.0
-486.0,0.0,0.0,0.0,0.0,0.0,0.0
-484.0,0.0,0.0,0.0,0.0,0.0,0.0
-482.0,0.0,0.0,0.0,0.0,0.0,0.0
-480.0,0.0,0.0,0.0,0.0,0.0,0.0
-478.0,0.0,0.0,0.0,0.0,0.0,0.0
-476.0,0.0,0.0,0.0,0.0,0.0,0.0
-474.0,0.0,0.0,0.0,0.0,0.0,0.0
-472.0,0.0,0.0,0.0,0.0,0.0,0.0
-470.0,0.0,0.0,0.0,0.0,0.0,0.0
-468.0,0.0,0.0,0.0,0.0,0.0,0.0
-466.0,0.0,0.0,0.0,0.0,0.0,0.0
-464.0,0.0,0.0,0.0,0.0,0.0,0.0
-462.0,0.0,0.0,0.0,0.0,0.0,0.0
-460.0,0.0,0.0,0.0,0.0,0.0,0.0
-458.0,0.0,0.0,0.0,0.0,0.0,0.0
-456.0,0.0,0.0,0.0,0.0,0.0,0.0
-454.0,0.0,0.0,0.0,0.0,0.0,0.0
-452.0,0.0,0.0,0.0,0.0,0.0,0.0
-450.0,0.0,0.0,0.0,0.0,0.0,0.0
-448.0,0.0,0.0,0.0,0.0,0.0,0.0
-446.0,0.0,0.0,0.0,0.0,0.0,0.0
-444.0,0.0,0.0,0.0,0.0,0.0,0.0
-442.0,0.0,0.0,0.0,0.0,0.0,0.0
-440.0,0.0,0.0,0.0,0.0,0.0,0.0
-438.0,0.0,0.0,0.0,0.0,0.0,0.0
-436.0,0.0,0.0,0.0,0.0,0.0,0.0
-434.0,0.0,0.0,0.0,0.0,0.0,0.0
-432.0,0.0,0.0,0.0,0.0,0.0,0.0
-430.0,0.0,0.0,0.0,0.0,0.0,0.0
-428.0,0.0,0.0,0.0,0.0,0.0,0.0
-426.0,0.0,0.0,0.0,0.0,0.0,0.0
-424.0,0.0,0.0,0.0,0.0,0.0,0.0
-422.0,0.0,0.0,0.0,0.0,0.0,0.0
-420.0,0.0,0.0,0.0,0.0,0.0,0.0
-418.0,0.0,0.0,0.0,0.0,0.0,0.0
-416.0,0.0,0.0,0.0,0.0,0.0,0.0
-414.0,0.0,0.0,0.0,0.0,0.0,0.0
-412.0,0.0,0.0,0.0,0.0,0.0,0.0
-410.0,0.0,0.0,0.0,0.0,0.0,0.0
-408.0,0.0,0.0,0.0,0.0,0.0,0.0
-406.0,0.0,0.0,0.0,0.0,0.0,0.0
-404.0,0.0,0.0,0.0,0.0,0.0,0.0
-402.0,0.0,0.0,0.0,0.0,0.0,0.0
-400.0,0.0,0.0,0.0,0.0,0.0,0.0
-398.0,0.0,0.0,0.0,0.0,0.0,0.0
-396.0,0.0,0.0,0.0,0.0,0.0,0.0
-394.0,0.0,0.0,0.0,0.0,0.0,0.0
-392.0,0.0,0.0,0.0,0.0,0.0,0.0
-390.0,0.0,0.0,0.0,0.0,0.0,0.0
-388.0,0.0,0.0,0.0,0.0,0.0,0.0
-386.0,0.0,0.0,0.0,0.0,0.0,0.0
-384.0,0.0,0.0,0.0,0.0,0.0,0.0
-382.0,0.0,0.0,0.0,0.0,0.0,0.0
-380.0,0.0,0.0,0.0,0.0,0.0,0.0
-378.0,0.0,0.0,0.0,0.0,0.0,0.0
-376.0,0.0,0.0,0.0,0.0,0.0,0.0
-374.0,0.0,0.0,0.0,0.0,0.0,0.0
-372.0,0.0,0.0,0.0,0.0,0.0,0.0
-370.0,0.0,0.0,0.0,0.0,0.0,0.0
-368.0,0.0,0.0,0.0,0.0,0.0,0.0
-366.0,0.0,0.0,0.0,0.0,0.0,0.0
-364.0,0.0,0.0,0.0,0.0,0.0,0.0
-362.0,0.0,0.0,0.0,0.0,0.0,0.0
-360.0,0.0,0.0,0.0,0.0,0.0,0.0
-358.0,0.0,0.0,0.0,0.0,0.0,0.0
-356.0,0.0,0.0,0.0,0.0,0.0,0.0
-354.0,0.0,0.0,0.0,0.0,0.0,0.0
-352.0,0.0,0.0,0.0,0.0,0.0,0.0
-350.0,0.0,0.0,0.0,0.0,0.0,0.0
-348.0,0.0,0.0,0.0,0.0,0.0,0.0
-346.0,0.0,0.0,0.0,0.0,0.0,0.0
-344.0,0.0,0.0,0.0,0.0,0.0,0.0
-342.0,0.0,0.0,0.0,0.0,0.0,0.0
-340.0,0.0,0.0,0.0,0.0,0.0,0.0
-338.0,0.0,0.0,0.0,0.0,0.0,0.0
-336.0,0.0,0.0,0.0,0.0,0.0,0.0
-334.0,0.0,0.0,0.0,0.0,0.0,0.0
-332.0,0.0,0.0,0.0,0.0,0.0,0.0
-330.0,0.0,0.0,0.0,0.0,0.0,0.0
-328.0,0.0,0.0,0.0,0.0,0.0,0.0
-326.0,0.0,0.0,0.0,0.0,0.0,0.0
-324.0,0.0,0.0,0.0,0.0,0.0,0.0
-322.0,0.0,0.0,0.0,0.0,0.0,0.0
-320.0,0.0,0.0,0.0,0.0,0.0,0.0
-318.0,0.0,0.0,0.0,0.0,0.0,0.0
-316.0,0.0,0.0,0.0,0.0,0.0,0.0
-314.0,0.0,0.0,0.0,0.0,0.0,0.0
-312.0,0.0,0.0,0.0,0.0,0.0,0.0
-310.0,0.0,0.0,0.0,0.0,0.0,0.0
-308.0,0.0,0.0,0.0,0.0,0.0,0.0
-306.0,0.0,0.0,0.0,0.0,0.0,0.0
-304.0,0.0,0.0,0.0,0.0,0.0,0.0
-302.0,0.0,0.0,0.0,0.0,0.0,0.0
-300.0,0.0,0.0,0.0,0.0,0.0,0.0
-298.0,0.0,0.0,0.0,0.0,0.0,0.0
-296.0,0.0,0.0,0.0,0.0,0.0,0.0
-294.0,0.0,0.0,0.0,0.0,0.0,0.0
-292.0,0.0,0.0,0.0,0.0,0.0,0.0
-290.0,0.0,0.0,0.0,0.0,0.0,0.0
-288.0,0.0,0.0,0.0,0.0,0.0,0.0
-286.0,0.0,0.0,0.0,0.0,0.0,0.0
-284.0,0.0,0.0,0.0,0.0,0.0,0.0
-282.0,0.0,0.0,0.0,0.0,0.0,0.0
-280.0,0.0,0.0,0.0,0.0,0.0,0.0
-278.0,0.0,0.0,0.0,0.0,0.0,0.0
-276.0,0.0,0.0,0.0,0.0,0.0,0.0
-274.0,0.0,0.0,0.0,0.0,0.0,0.0
-272.0,0.0,0.0,0.0,0.0,0.0,0.0
-270.0,0.0,0.0,0.0,0.0,0.0,0.0
-268.0,0.0,0.0,0.0,0.0,0.0,0.0
-266.0,0.0,0.0,0.0,0.0,0.0,0.0
-264.0,0.0,0.0,0.0,0.0,0.0,0.0
-262.0,0.0,0.0,0.0,0.0,0.0,0.0
-260.0,0.0,0.0,0.0,0.0,0.0,0.0
-258.0,0.0,0.0,0.0,0.0,0.0,0.0
-256.0,0.0,0.0,0.0,0.0,0.0,0.0
-254.0,0.0,0.0,0.0,0.0,0.0,0.0
-252.0,0.0,0.0,0.0,0.0,0.0,0.0
-250.0,0.0,0.0,0.0,0.0,0.0,0.0
-248.0,0.0,0.0,0.0,0.0,0.0,0.0
-246.0,0.0,0.0,0.0,0.0,0.0,0.0
-244.0,0.0,0.0,0.0,0.0,0.0,0.0
-242.0,139.93529874184608,0.0,0.0,0.0,139.93529874184608,0.0
-240.0,279.87059748369217,0.0,0.0,0.0,279.87059748369217,0.0
-238.0,279.87059748369217,0.0,0.0,0.0,279.87059748369217,0.0
-236.0,279.87059748369217,0.0,0.0,0.0,279.87059748369217,0.0
-234.0,279.87059748369217,0.0,0.0,0.0,279.87059748369217,0.0
-232.0,279.87059748369217,0.0,0.0,0.0,279.87059748369217,0.0
-230.0,279.87059748369217,0.0,0.0,0.0,279.87059748369217,0.0
-228.0,291.9350154892841,0.0,0.0,0.0,291.9350154892841,0.0
-226.0,303.9994334948761,0.0,0.0,0.0,303.9994334948761,0.0
-224.0,303.9994334948761,0.0,0.0,0.0,303.9994334948761,0.0
-222.0,718.5028535469027,0.0,0.0,0.0,718.5028535469027,0.0
-220.0,1468.7568437645264,0.0,0.0,0.0,1468.7568437645264,0.0
-218.0,2223.779251992777,0.0,0.0,0.0,2223.779251992777,0.0
-216.0,3195.2057648903447,0.0,0.0,0.0,3195.2057648903447,0.0
-214.0,3796.1058313828526,0.0,0.0,0.0,3796.1058313828526,0.0
-212.0,4048.453371507872,0.0,0.0,0.0,4048.453371507872,0.0
-210.0,4562.808499389796,0.0,0.0,0.0,4562.808499389796,0.0
-208.0,5154.991333418938,0.0,0.0,0.0,5154.991333418938,0.0
-206.0,5471.989509885194,0.0,0.0,0.0,5471.989509885194,0.0
-204.0,5957.104966508291,0.0,0.0,0.0,5957.104966508291,0.0
-202.0,6406.652101279775,0.0,0.0,0.0,6406.652101279775,0.0
-200.0,6456.592750530311,0.0,0.0,0.0,6456.592750530311,0.0
-198.0,6639.8463265291575,0.0,0.0,0.0,6639.8463265291575,0.0
-196.0,7096.313844334019,0.0,0.0,0.0,7096.313844334019,0.0
-194.0,8458.859026909066,0.0,0.0,0.0,8458.859026909066,0.0
-192.0,11636.487726911264,0.0,0.0,0.0,11636.487726911264,0.0
-190.0,16637.27651663335,0.0,0.0,0.0,16637.27651663335,0.0
-188.0,21782.753885085807,0.0,0.0,0.0,21782.753885085807,0.0
-186.0,25924.790032950918,0.0,0.0,0.0,25924.790032950918,0.0
-184.0,28071.265177498248,0.0,0.0,0.0,28071.265177498248,0.0
-182.0,29948.52917175124,0.0,0.0,0.0,29948.52917175124,0.0
-180.0,35935.55572726826,0.0,0.0,0.0,35935.55572726826,0.0
-178.0,43189.137107848066,0.0,0.0,0.0,43189.137107848066,0.0
-176.0,48333.526295265896,0.0,0.0,0.0,48333.526295265896,0.0
-174.0,53273.326362249594,0.0,0.0,0.0,53273.326362249594,0.0
-172.0,58863.18316192241,0.0,0.0,0.0,58863.18316192241,0.0
-170.0,64302.53425140335,0.0,0.0,0.0,64302.53425140335,0.0
-168.0,68777.13337839699,0.0,0.0,0.0,68777.13337839699,0.0
-166.0,73317.81850531037,0.0,0.0,0.0,73317.81850531037,0.0
-164.0,77255.03243291046,0.0,0.0,0.0,77255.03243291046,0.0
-162.0,79441.69831861915,0.0,0.0,0.0,79441.69831861915,0.0
-160.0,83577.02014761671,0.0,0.0,0.0,83577.02014761671,0.0
-158.0,89497.12011176236,0.0,0.0,0.0,89497.12011176236,0.0
-156.0,95977.84577828289,0.0,0.0,0.0,95977.84577828289,0.0
-154.0,106008.9374429244,0.0,0.0,0.0,106008.9374429244,0.0
-152.0,118837.20688846649,0.0,0.0,0.0,118837.20688846649,0.0
-150.0,129351.68757091937,0.0,0.0,0.0,129351.68757091937,0.0
-148.0,137606.17185132485,0.0,0.0,0.0,137606.17185132485,0.0
-146.0,144778.97207519005,0.0,0.0,0.0,144778.97207519005,0.0
-144.0,151134.40703561963,0.0,0.0,0.0,151134.40703561963,0.0
-142.0,160842.80565757814,0.0,0.0,0.0,160842.80565757814,0.0
-140.0,172337.96531702625,0.0,0.0,0.0,172337.96531702625,0.0
-138.0,179444.85517340264,0.0,0.0,0.0,179444.85517340264,0.0
-136.0,182599.81718773537,0.0,0.0,0.0,182599.81718773537,0.0
-134.0,186687.94391758373,0.0,0.0,0.0,186687.94391758373,0.0
-132.0,196446.51316548855,0.0,0.0,0.0,196446.51316548855,0.0
-130.0,210566.82211839186,0.0,0.0,0.0,210566.82211839186,0.0
-128.0,224636.59880797227,0.0,0.0,0.0,224636.59880797227,0.0
-126.0,236112.07692473492,0.0,0.0,0.0,236112.07692473492,0.0
-124.0,246879.1865247378,0.0,0.0,0.0,246879.1865247378,0.0
-122.0,256387.36625022354,0.0,0.0,0.0,256387.36625022354,0.0
-120.0,265958.09168942965,0.0,0.0,0.0,265958.09168942965,0.0
-118.0,283271.0804946461,0.0,0.0,0.0,283271.0804946461,0.0
-116.0,301342.1105107663,0.0,0.0,0.0,301342.1105107663,0.0
-114.0,320067.7089288767,0.0,0.0,0.0,320067.7089288767,0.0
-112.0,339584.13500196184,55.31660992597771,55.31660992597771,55.31660992597771,339528.81839203584,0.0
-110.0,356907.4484472236,110.63321985195542,110.63321985195542,55.31660992597771,356796.81522737164,0.0
-108.0,375567.1957507781,110.63321985195542,110.63321985195542,0.0,375456.56253092614,0.0
-106.0,395046.62020913407,110.63321985195542,110.63321985195542,0.0,394935.98698928213,0.0
-104.0,421931.2458746136,110.63321985195542,110.63321985195542,0.0,421820.61265476164,0.0
-102.0,455372.7181758861,110.63321985195542,110.63321985195542,0.0,455262.08495603414,0.0
-100.0,482694.70385222224,110.63321985195542,110.63321985195542,0.0,482584.0706323703,0.0
-98.0,497769.4644880084,110.63321985195542,110.63321985195542,0.0,497658.8312681565,0.0
-96.0,513475.92758421256,110.63321985195542,110.63321985195542,0.0,513365.2943643606,0.0
-94.0,539644.2036796673,122.32248282632887,122.32248282632887,11.689262974373449,539521.881196841,0.0
-92.0,568646.4922005509,207.48134301734075,207.48134301734075,85.15886019101188,568439.0108575335,0.0
-90.0,593809.7560822989,644.2555057184873,644.2555057184873,436.7741627011465,593165.5005765804,0.0
-88.0,624858.4981188733,1213.551799829638,1213.551799829638,569.2962941111507,623644.9463190438,0.0
-86.0,653621.9429936823,1452.0034530827234,1452.0034530827234,238.4516532530854,652169.9395405996,0.0
-84.0,671460.5665233398,1484.463377709166,1484.463377709166,32.45992462644267,669976.1031456307,0.0
-82.0,687801.4041605201,1484.463377709166,1484.463377709166,0.0,686316.9407828109,0.0
-80.0,707434.8838445777,1746.5404881609031,1746.5404881609031,262.0771104517371,705688.3433564168,0.0
-78.0,731209.4209441945,2008.6175986126402,2008.6175986126402,262.0771104517371,729200.8033455819,0.0
-76.0,767151.3418347661,2194.412907428972,2194.412907428972,185.79530881633195,764956.9289273372,0.0
-74.0,808924.9604137562,2629.5324621602695,2629.5324621602695,435.1195547312973,806295.427951596,0.0
-72.0,840309.6729059715,3085.5500203376946,3085.5500203376946,456.01755817742514,837224.1228856338,0.0
-70.0,871060.7851715204,3928.2461796264606,3928.2461796264606,842.696159288766,867132.538991894,0.0
-68.0,899625.8373261078,4883.568749090856,4883.568749090856,955.3225694643952,894742.2685770169,0.0
-66.0,920850.6622149163,6139.7899121089085,6139.7899121089085,1256.2211630180527,914710.8723028074,0.0
-64.0,944259.4234912733,8150.602027600598,8150.602027600598,2010.8121154916898,936108.8214636727,0.0
-62.0,970178.4549183968,9224.512702512324,9224.512702512324,1073.9106749117254,960953.9422158845,0.0
-60.0,999280.4256362393,9328.776859887286,9328.776859887286,104.26415737496245,989951.648776352,0.0
-58.0,1032696.9435263985,9934.441968192516,9934.441968192516,605.6651083052293,1022762.501558206,0.0
-56.0,1063461.8094503065,11455.488462637637,11455.488462637637,1521.0464944451214,1052006.3209876688,0.0
-54.0,1091767.6243655966,13712.86811905246,13712.86811905246,2257.3796564148233,1078054.7562465442,0.0
-52.0,1118058.867249349,15380.446144557736,15380.446144557736,1667.578025505276,1102678.421104791,0.0
-50.0,1144651.4468316394,16542.976293534935,16542.976293534935,1162.5301489771991,1128108.4705381044,0.0
-48.0,1169836.5192284696,19201.068298896706,19201.068298896706,2658.09200536177,1150635.4509295728,0.0
-46.0,1187104.926841283,22538.08608426011,22538.08608426011,3337.017785363405,1164566.8407570228,0.0
-44.0,1202456.063298932,24565.90353286935,24565.90353286935,2027.8174486092394,1177890.1597660626,0.0
-42.0,1220622.7806660396,26120.425094730766,26120.425094730766,1554.5215618614166,1194502.3555713089,0.0
-40.0,1235886.7448566107,28099.779889559526,28099.779889559526,1979.3547948287596,1207786.964967051,0.0
-38.0,1253309.4991135483,32663.846304031304,32663.846304031304,4564.0664144717775,1220645.652809517,0.0
-36.0,1273522.1735045463,38161.930272550286,38161.930272550286,5498.083968518982,1235360.243231996,0.0
-34.0,1287966.348111152,42910.35768340922,42910.35768340922,4748.427410858931,1245055.9904277427,0.0
-32.0,1300628.506781339,48943.809251397535,48943.809251397535,6033.451567988319,1251684.6975299413,0.0
-30.0,1314647.6924891279,55576.81119591874,55576.81119591874,6633.001944521202,1259070.881293209,0.0
-28.0,1325663.9152772625,60685.43072745973,60685.43072745973,5108.619531540993,1264978.4845498027,0.0
-26.0,1337289.8996562725,63983.29210347361,63983.29210347361,3297.861376013876,1273306.607552799,0.0
-24.0,1349915.6057264358,67152.19137391298,67152.19137391298,3168.899270439375,1282763.4143525227,0.0
-22.0,1363706.9396287082,69961.31810948573,69961.31810948573,2809.126735572747,1293745.6215192224,0.0
-20.0,1377789.846710996,74964.53003943048,74964.53003943048,5003.211929944751,1302825.3166715656,0.0
-18.0,1392275.7792462697,80601.3310134996,80601.3310134996,5636.80097406912,1311674.4482327702,0.0
-16.0,1409532.6895881814,85184.46857811115,85184.46857811115,4583.137564611548,1324348.2210100703,0.0
-14.0,1425229.332756323,89639.97343237993,89639.97343237993,4455.504854268787,1335589.359323943,0.0
-12.0,1437469.0473110678,92688.36079662912,92688.36079662912,3048.3873642491817,1344780.6865144386,0.0
-10.0,1449797.663705866,97910.587536466,97910.587536466,5222.226739836886,1351887.0761694,0.0
-8.0,1464351.1374864052,103788.27043282657,103788.27043282657,5877.682896360566,1360562.8670535786,0.0
-6.0,1476720.4780379867,108995.87027114659,108995.87027114659,5207.59983832002,1367724.6077668401,0.0
-4.0,1488005.066640144,116732.41671594942,116732.41671594942,7736.546444802836,1371272.6499241944,0.0
-2.0,1497694.0509403856,126250.32682505589,126250.32682505589,9517.910109106466,1371443.7241153296,0.0
0.0,1503782.0302219368,136670.74372005597,136670.74372005597,10420.416895000075,1367111.2865018807,0.0
2.0,1509677.1566471017,149123.35431501435,149123.35431501435,12452.610594958387,1360553.8023320874,0.0
4.0,1516915.482231785,164301.39540224517,164301.39540224517,15178.041087230813,1352614.0868295399,0.0
6.0,1525215.0411108723,181654.8234511298,181654.8234511298,17353.42804888464,1343560.2176597426,0.0
8.0,1533628.2341688306,199346.25488714967,199346.25488714967,17691.431436019862,1334281.979281681,0.0
10.0,1543178.9135619425,215020.2745690446,215020.2745690446,15674.019681894919,1328158.638992898,0.0
12.0,1551156.252884307,225387.65563764688,225387.65563764688,10367.381068602292,1325768.5972466602,0.0
14.0,1557005.783680799,234693.86737417313,234693.86737417313,9306.211736526253,1322311.9163066258,0.0
16.0,1563788.9431284922,248586.16230548095,248586.16230548095,13892.294931307813,1315202.7808230112,0.0
18.0,1571912.6146253098,261960.18803439714,261960.18803439714,13374.025728916196,1309952.4265909127,0.0
20.0,1580088.0049692988,272656.50010814326,272656.50010814326,10696.312073746114,1307431.5048611555,0.0
22.0,1586534.4430754937,288114.14403941034,288114.14403941034,15457.643931267085,1298420.2990360833,0.0
24.0,1594458.2370930822,309573.6244049472,309573.6244049472,21459.480365536874,1284884.612688135,0.0
26.0,1603238.201181133,327878.5529004507,327878.5529004507,18304.928495503496,1275359.6482806823,0.0
28.0,1610407.2365231602,344991.1809279247,344991.1809279247,17112.628027473984,1265416.0555952354,0.0
30.0,1615579.4909414249,363994.24469736643,363994.24469736643,19003.06376944174,1251585.2462440585,0.0
32.0,1619395.7312605756,384101.8701896101,384101.8701896101,20107.62549224368,1235293.8610709654,0.0
34.0,1621967.7754566974,414868.93946683244,414868.93946683244,30767.069277222326,1207098.835989865,0.0
36.0,1623333.7819240452,452994.3732702945,452994.3732702945,38125.433803462074,1170339.4086537506,0.0
38.0,1625528.533925916,483506.63862991275,483506.63862991275,30512.265359618235,1142021.8952960032,0.0
40.0,1627465.5406801505,508243.1125200737,508243.1125200737,24736.473890160967,1119222.4281600767,0.0
42.0,1628793.7577076575,531170.1466786745,531170.1466786745,22927.034158600785,1097623.611028983,0.0
44.0,1630709.84891251,554683.8047977017,554683.8047977017,23513.658119027154,1076026.0441148086,0.0
46.0,1632954.769415461,578833.8460476364,578833.8460476364,24150.0412499347,1054120.9233678246,0.0
48.0,1634450.9874506665,606282.1778294789,606282.1778294789,27448.331781842513,1028168.8096211876,0.0
50.0,1634718.3726125523,630351.4749715924,630351.4749715924,24069.29714211356,1004366.8976409598,0.0
52.0,1635579.4840063718,652291.4571907073,652291.4571907073,21939.9822191149,983288.0268156645,0.0
54.0,1637231.19194361,680246.5441981695,680246.5441981695,27955.087007462163,956984.6477454406,0.0
56.0,1638889.9166248804,706041.117192376,706041.117192376,25794.572994206566,932848.7994325043,0.0
58.0,1641364.8266695472,731200.3849132848,731200.3849132848,25159.26772090874,910164.4417562624,0.0
60.0,1643866.9100592171,761586.9749125952,761586.9749125952,30386.58999931044,882279.9351466219,0.0
62.0,1644762.2115420715,793678.4349625384,793678.4349625384,32091.460049943184,851083.7765795331,0.0
64.0,1644858.7719187916,819953.3160742179,819953.3160742179,26274.881111679482,824905.4558445737,0.0
66.0,1645465.2196365898,845926.3924725407,845926.3924725407,25973.076398322824,799538.827164049,0.0
68.0,1646172.9225381375,869507.7093755488,869507.7093755488,23581.31690300803,776665.2131625888,0.0
70.0,1646482.455534755,889826.711496443,889826.711496443,20319.002120894263,756655.744038312,0.0
72.0,1646594.1729709026,913614.6771264593,913614.6771264593,23787.96563001629,732979.4958444433,0.0
74.0,1647138.7266190993,935619.6462681455,935619.6462681455,22004.96914168622,711519.0803509537,0.0
76.0,1648374.4718729157,957641.056995052,957641.056995052,22021.4107269065,690733.4148778637,0.0
78.0,1649065.6634785358,975819.8560257433,975819.8560257433,18178.79903069127,673245.8074527925,0.0
80.0,1649526.5145929526,996156.658282743,996156.658282743,20336.802256999654,653369.8563102096,0.0
82.0,1649987.3657073693,1029742.0433830908,1029742.0433830908,33585.385100347805,620245.3223242785,0.0
84.0,1650509.4922611075,1058730.1672995875,1058730.1672995875,28988.123916496756,591779.32496152,0.0
86.0,1651031.6188148458,1081445.262791738,1081445.262791738,22715.0954921504,569586.3560231079,0.0
88.0,1651099.3484435494,1101450.169709076,1101450.169709076,20004.906917338027,549649.1787344734,0.0
90.0,1651167.078072253,1119475.060963387,1119475.060963387,18024.89125431096,531692.017108866,0.0
92.0,1651167.078072253,1134378.0392556745,1134378.0392556745,14902.97829228756,516789.03881657845,0.0
94.0,1651167.078072253,1149940.8226282375,1149940.8226282375,15562.783372563077,501226.2554440154,0.0
96.0,1651167.078072253,1172133.7485925215,1172133.7485925215,22192.92596428399,479033.3294797314,0.0
98.0,1651167.078072253,1200197.4800065502,1200197.4800065502,28063.731414028676,450969.5980657027,0.0
100.0,1651167.078072253,1227574.962452736,1227574.962452736,27377.48244618578,423592.11561951693,0.0
102.0,1651167.078072253,1255683.3240746371,1255683.3240746371,28108.36162190116,395483.7539976158,0.0
104.0,1651167.078072253,1280928.586220404,1280928.586220404,25245.262145766756,370238.491851849,0.0
106.0,1651276.4656185152,1299117.0096585432,1299117.0096585432,18188.42343813926,352159.455959972,0.0
108.0,1651385.8531647774,1322217.3067795415,1322217.3067795415,23100.29712099838,329168.54638523585,0.0
110.0,1651385.8531647774,1345212.8420748466,1345212.8420748466,22995.535295305075,306173.0110899308,0.0
112.0,1651385.8531647774,1366217.1874104808,1366217.1874104808,21004.345335634192,285168.6657542966,0.0
114.0,1651385.8531647774,1383695.1692904565,1383695.1692904565,17477.981879975647,267690.68387432094,0.0
116.0,1651385.8531647774,1396871.4543079976,1396871.4543079976,13176.285017541144,254514.3988567798,0.0
118.0,1651385.8531647774,1409333.645271154,1409333.645271154,12462.190963156288,242052.2078936235,0.0
120.0,1651385.8531647774,1423178.7634779247,1423178.7634779247,13845.118206770858,228207.08968685265,0.0
122.0,1651385.8531647774,1438570.6333247244,1438570.6333247244,15391.869846799644,212815.219840053,0.0
124.0,1651385.8531647774,1452968.1613361647,1452968.1613361647,14397.5280114403,198417.6918286127,0.0
126.0,1651385.8531647774,1467635.618209922,1467635.618209922,14667.456873757299,183750.2349548554,0.0
128.0,1651385.8531647774,1480359.4304908235,1480359.4304908235,12723.812280901475,171026.42267395393,0.0
130.0,1651385.8531647774,1488052.4486092373,1488052.4486092373,7693.018118413864,163333.40455554007,0.0
132.0,1651385.8531647774,1497366.3033055323,1497366.3033055323,9313.854696294991,154019.54985924507,0.0
134.0,1651385.8531647774,1507179.7232281966,1507179.7232281966,9813.419922664296,144206.12993658078,0.0
136.0,1651385.8531647774,1515884.6367085713,1515884.6367085713,8704.91348037473,135501.21645620605,0.0
138.0,1651385.8531647774,1522477.9067071236,1522477.9067071236,6593.269998552278,128907.94645765377,0.0
140.0,1651385.8531647774,1528172.1476822176,1528172.1476822176,5694.240975094028,123213.70548255974,0.0
142.0,1651385.8531647774,1536051.6663301317,1536051.6663301317,7879.518647914054,115334.18683464569,0.0
144.0,1651385.8531647774,1544908.4875041929,1544908.4875041929,8856.821174061159,106477.36566058453,0.0
146.0,1651385.8531647774,1554563.8669497275,1554563.8669497275,9655.379445534665,96821.98621504987,0.0
148.0,1651385.8531647774,1562398.4801506675,1562398.4801506675,7834.613200939959,88987.37301410991,0.0
150.0,1651385.8531647774,1568669.0441938278,1568669.0441938278,6270.564043160295,82716.80897094961,0.0
152.0,1651385.8531647774,1575087.6553358173,1575087.6553358173,6418.611141989473,76298.19782896014,0.0
154.0,1651385.8531647774,1580786.1119641045,1580786.1119641045,5698.456628287211,70599.74120067293,0.0
156.0,1651385.8531647774,1585161.605994738,1585161.605994738,4375.494030633476,66224.24717003945,0.0
158.0,1651385.8531647774,1590249.0868406156,1590249.0868406156,5087.480845877668,61136.766324161785,0.0
160.0,1651385.8531647774,1595530.5566090131,1595530.5566090131,5281.46976839751,55855.296555764275,0.0
162.0,1651385.8531647774,1600143.2388809547,1600143.2388809547,4612.682271941565,51242.61428382271,0.0
164.0,1651385.8531647774,1603406.7507254682,1603406.7507254682,3263.511844513472,47979.10243930924,0.0
166.0,1651385.8531647774,1605544.403212549,1605544.403212549,2137.652487080777,45841.44995222846,0.0
168.0,1651385.8531647774,1610325.2528139397,1610325.2528139397,4780.849601390772,41060.60035083769,0.0
170.0,1651385.8531647774,1615751.9024953058,1615751.9024953058,5426.649681366049,35633.95066947164,0.0
172.0,1651385.8531647774,1619771.6472800586,1619771.6472800586,4019.7447847528383,31614.205884718802,0.0
174.0,1651385.8531647774,1625113.6259585065,1625113.6259585065,5341.978678447893,26272.22720627091,0.0
176.0,1651385.8531647774,1630261.0332053625,1630261.0332053625,5147.407246856019,21124.81995941489,0.0
178.0,1651385.8531647774,1633229.717689897,1633229.717689897,2968.6844845344312,18156.13547488046,0.0
180.0,1651385.8531647774,1635355.8937247493,1635355.8937247493,2126.1760348523967,16029.959440028062,0.0
182.0,1651385.8531647774,1636967.4920722658,1636967.4920722658,1611.5983475164976,14418.361092511564,0.0
184.0,1651385.8531647774,1638232.3275802361,1638232.3275802361,1264.8355079703033,13153.525584541261,0.0
186.0,1651385.8531647774,1640357.4174491556,1640357.4174491556,2125.0898689194582,11028.435715621803,0.0
188.0,1651385.8531647774,1642165.0587996978,1642165.0587996978,1807.6413505421951,9220.794365079608,0.0
190.0,1651385.8531647774,1643440.5952111073,1643440.5952111073,1275.5364114094991,7945.257953670109,0.0
192.0,1651385.8531647774,1644442.831221502,1644442.831221502,1002.2360103947576,6943.021943275351,0.0
194.0,1651385.8531647774,1645419.1765337365,1645419.1765337365,976.3453122344799,5966.676631040871,0.0
196.0,1651385.8531647774,1647400.6798444951,1647400.6798444951,1981.5033107586205,3985.1733202822506,0.0
198.0,1651385.8531647774,1649937.019341996,1649937.019341996,2536.3394975007977,1448.833822781453,0.0
200.0,1651385.8531647774,1652133.622252344,1651385.8531647774,1448.833822781453,0.0,747.7690875665285
202.0,1651385.8531647774,1654160.9096232192,1651385.8531647774,0.0,0.0,2775.0564584417734
204.0,1651385.8531647774,1655518.7330218535,1651385.8531647774,0.0,0.0,4132.879857076099
206.0,1651385.8531647774,1656060.8192633388,1651385.8531647774,0.0,0.0,4674.966098561417
208.0,1651385.8531647774,1656343.8850203212,1651385.8531647774,0.0,0.0,4958.0318555438425
210.0,1651385.8531647774,1656533.104356377,1651385.8531647774,0.0,0.0,5147.251191599527
212.0,1651385.8531647774,1657261.7011495668,1651385.8531647774,0.0,0.0,5875.847984789405
214.0,1651385.8531647774,1658258.8533604867,1651385.8531647774,0.0,0.0,6873.00019570929
216.0,1651385.8531647774,1658824.43423961,1651385.8531647774,0.0,0.0,7438.581074832706
218.0,1651385.8531647774,1659425.0757156694,1651385.8531647774,0.0,0.0,8039.222550892038
220.0,1651385.8531647774,1659946.208342845,1651385.8531647774,0.0,0.0,8560.355178067693
222.0,1651385.8531647774,1659974.5056192991,1651385.8531647774,0.0,0.0,8588.65245452174
224.0,1651385.8531647774,1659974.5056192991,1651385.8531647774,0.0,0.0,8588.65245452174
226.0,1651385.8531647774,1659974.5056192991,1651385.8531647774,0.0,0.0,8588.65245452174
228.0,1651385.8531647774,1659974.5056192991,1651385.8531647774,0.0,0.0,8588.65245452174
230.0,1651385.8531647774,1660112.894367623,1651385.8531647774,0.0,0.0,8727.041202845518
232.0,1651385.8531647774,1660430.2465131495,1651385.8531647774,0.0,0.0,9044.393348372076
234.0,1651385.8531647774,1660609.2099103522,1651385.8531647774,0.0,0.0,9223.356745574856
236.0,1651385.8531647774,1660609.2099103522,1651385.8531647774,0.0,0.0,9223.356745574856
238.0,1651385.8531647774,1660812.7439652001,1651385.8531647774,0.0,0.0,9426.890800422756
240.0,1651385.8531647774,1661016.278020048,1651385.8531647774,0.0,0.0,9630.424855270656
242.0,1651385.8531647774,1661016.278020048,1651385.8531647774,0.0,0.0,9630.424855270656
244.0,1651385.8531647774,1661016.278020048,1651385.8531647774,0.0,0.0,9630.424855270656
246.0,1651385.8531647774,1661016.278020048,1651385.8531647774,0.0,0.0,9630.424855270656
248.0,1651385.8531647774,1661016.278020048,1651385.8531647774,0.0,0.0,9630.424855270656
250.0,1651385.8531647774,1661016.278020048,1651385.8531647774,0.0,0.0,9630.424855270656
252.0,1651385.8531647774,1661016.278020048,1651385.8531647774,0.0,0.0,9630.424855270656
254.0,1651385.8531647774,1661016.278020048,1651385.8531647774,0.0,0.0,9630.424855270656
256.0,1651385.8531647774,1661016.278020048,1651385.8531647774,0.0,0.0,9630.424855270656
258.0,1651385.8531647774,1661016.278020048,1651385.8531647774,0.0,0.0,9630.424855270656
260.0,1651385.8531647774,1661016.278020048,1651385.8531647774,0.0,0.0,9630.424855270656
262.0,1651385.8531647774,1661016.278020048,1651385.8531647774,0.0,0.0,9630.424855270656
264.0,1651385.8531647774,1661016.278020048,1651385.8531647774,0.0,0.0,9630.424855270656
266.0,1651385.8531647774,1661016.278020048,1651385.8531647774,0.0,0.0,9630.424855270656
268.0,1651385.8531647774,1661016.278020048,1651385.8531647774,0.0,0.0,9630.424855270656
270.0,1651385.8531647774,1661016.278020048,1651385.8531647774,0.0,0.0,9630.424855270656
272.0,1651385.8531647774,1661016.278020048,1651385.8531647774,0.0,0.0,9630.424855270656
274.0,1651385.8531647774,1661016.278020048,1651385.8531647774,0.0,0.0,9630.424855270656
276.0,1651385.8531647774,1661016.278020048,1651385.8531647774,0.0,0.0,9630.424855270656
278.0,1651385.8531647774,1661016.278020048,1651385.8531647774,0.0,0.0,9630.424855270656
280.0,1651385.8531647774,1661016.278020048,1651385.8531647774,0.0,0.0,9630.424855270656
282.0,1651385.8531647774,1661016.278020048,1651385.8531647774,0.0,0.0,9630.424855270656
284.0,1651385.8531647774,1661016.278020048,1651385.8531647774,0.0,0.0,9630.424855270656
286.0,1651385.8531647774,1661016.278020048,1651385.8531647774,0.0,0.0,9630.424855270656
288.0,1651385.8531647774,1661016.278020048,1651385.8531647774,0.0,0.0,9630.424855270656
290.0,1651385.8531647774,1661016.278020048,1651385.8531647774,0.0,0.0,9630.424855270656
292.0,1651385.8531647774,1661016.278020048,1651385.8531647774,0.0,0.0,9630.424855270656
294.0,1651385.8531647774,1661016.278020048,1651385.8531647774,0.0,0.0,9630.424855270656
296.0,1651385.8531647774,1661016.278020048,1651385.8531647774,0.0,0.0,9630.424855270656
298.0,1651385.8531647774,1661016.278020048,1651385.8531647774,0.0,0.0,9630.424855270656
300.0,1651385.8531647774,1661016.278020048,1651385.8531647774,0.0,0.0,9630.424855270656
302.0,1651385.8531647774,1661016.278020048,1651385.8531647774,0.0,0.0,9630.424855270656
304.0,1651385.8531647774,1661016.278020048,1651385.8531647774,0.0,0.0,9630.424855270656
306.0,1651385.8531647774,1661016.278020048,1651385.8531647774,0.0,0.0,9630.424855270656
308.0,1651385.8531647774,1661016.278020048,1651385.8531647774,0.0,0.0,9630.424855270656
310.0,1651385.8531647774,1661016.278020048,1651385.8531647774,0.0,0.0,9630.424855270656
312.0,1651385.8531647774,1661016.278020048,1651385.8531647774,0.0,0.0,9630.424855270656
314.0,1651385.8531647774,1661016.278020048,1651385.8531647774,0.0,0.0,9630.424855270656
316.0,1651385.8531647774,1661016.278020048,1651385.8531647774,0.0,0.0,9630.424855270656
318.0,1651385.8531647774,1661016.278020048,1651385.8531647774,0.0,0.0,9630.424855270656
320.0,1651385.8531647774,1661016.278020048,1651385.8531647774,0.0,0.0,9630.424855270656
322.0,1651385.8531647774,1661016.278020048,1651385.8531647774,0.0,0.0,9630.424855270656
324.0,1651385.8531647774,1661016.278020048,1651385.8531647774,0.0,0.0,9630.424855270656
326.0,1651385.8531647774,1661016.278020048,1651385.8531647774,0.0,0.0,9630.424855270656
328.0,1651385.8531647774,1661016.278020048,1651385.8531647774,0.0,0.0,9630.424855270656
330.0,1651385.8531647774,1661016.278020048,1651385.8531647774,0.0,0.0,9630.424855270656
332.0,1651385.8531647774,1661016.278020048,1651385.8531647774,0.0,0.0,9630.424855270656
334.0,1651385.8531647774,1661016.278020048,1651385.8531647774,0.0,0.0,9630.424855270656
336.0,1651385.8531647774,1661016.278020048,1651385.8531647774,0.0,0.0,9630.424855270656
338.0,1651385.8531647774,1661016.278020048,1651385.8531647774,0.0,0.0,9630.424855270656
340.0,1651385.8531647774,1661016.278020048,1651385.8531647774,0.0,0.0,9630.424855270656
342.0,1651385.8531647774,1661016.278020048,1651385.8531647774,0.0,0.0,9630.424855270656
344.0,1651385.8531647774,1661016.278020048,1651385.8531647774,0.0,0.0,9630.424855270656
346.0,1651385.8531647774,1661016.278020048,1651385.8531647774,0.0,0.0,9630.424855270656
348.0,1651385.8531647774,1661016.278020048,1651385.8531647774,0.0,0.0,9630.424855270656
350.0,1651385.8531647774,1661016.278020048,1651385.8531647774,0.0,0.0,9630.424855270656
352.0,1651385.8531647774,1661016.278020048,1651385.8531647774,0.0,0.0,9630.424855270656
354.0,1651385.8531647774,1661016.278020048,1651385.8531647774,0.0,0.0,9630.424855270656
356.0,1651385.8531647774,1661016.278020048,1651385.8531647774,0.0,0.0,9630.424855270656
358.0,1651385.8531647774,1661016.278020048,1651385.8531647774,0.0,0.0,9630.424855270656
360.0,1651385.8531647774,1661016.278020048,1651385.8531647774,0.0,0.0,9630.424855270656
362.0,1651385.8531647774,1661016.278020048,1651385.8531647774,0.0,0.0,9630.424855270656
364.0,1651385.8531647774,1661016.278020048,1651385.8531647774,0.0,0.0,9630.424855270656
366.0,1651385.8531647774,1661016.278020048,1651385.8531647774,0.0,0.0,9630.424855270656
368.0,1651385.8531647774,1661016.278020048,1651385.8531647774,0.0,0.0,9630.424855270656
370.0,1651385.8531647774,1661016.278020048,1651385.8531647774,0.0,0.0,9630.424855270656
372.0,1651385.8531647774,1661016.278020048,1651385.8531647774,0.0,0.0,9630.424855270656
374.0,1651385.8531647774,1661016.278020048,1651385.8531647774,0.0,0.0,9630.424855270656
376.0,1651385.8531647774,1661016.278020048,1651385.8531647774,0.0,0.0,9630.424855270656
378.0,1651385.8531647774,1661016.278020048,1651385.8531647774,0.0,0.0,9630.424855270656
380.0,1651385.8531647774,1661016.278020048,1651385.8531647774,0.0,0.0,9630.424855270656
382.0,1651385.8531647774,1661016.278020048,1651385.8531647774,0.0,0.0,9630.424855270656
384.0,1651385.8531647774,1661016.278020048,1651385.8531647774,0.0,0.0,9630.424855270656
386.0,1651385.8531647774,1661016.278020048,1651385.8531647774,0.0,0.0,9630.424855270656
388.0,1651385.8531647774,1661016.278020048,1651385.8531647774,0.0,0.0,9630.424855270656
390.0,1651385.8531647774,1661016.278020048,1651385.8531647774,0.0,0.0,9630.424855270656
392.0,1651385.8531647774,1661016.278020048,1651385.8531647774,0.0,0.0,9630.424855270656
394.0,1651385.8531647774,1661016.278020048,1651385.8531647774,0.0,0.0,9630.424855270656
396.0,1651385.8531647774,1661016.278020048,1651385.8531647774,0.0,0.0,9630.424855270656
398.0,1651385.8531647774,1661016.278020048,1651385.8531647774,0.0,0.0,9630.424855270656
400.0,1651385.8531647774,1661016.278020048,1651385.8531647774,0.0,0.0,9630.424855270656
402.0,1651385.8531647774,1661016.278020048,1651385.8531647774,0.0,0.0,9630.424855270656
404.0,1651385.8531647774,1661016.278020048,1651385.8531647774,0.0,0.0,9630.424855270656
406.0,1651385.8531647774,1661016.278020048,1651385.8531647774,0.0,0.0,9630.424855270656
408.0,1651385.8531647774,1661016.278020048,1651385.8531647774,0.0,0.0,9630.424855270656
410.0,1651385.8531647774,1661016.278020048,1651385.8531647774,0.0,0.0,9630.424855270656
412.0,1651385.8531647774,1661016.278020048,1651385.8531647774,0.0,0.0,9630.424855270656
414.0,1651385.8531647774,1661016.278020048,1651385.8531647774,0.0,0.0,9630.424855270656
416.0,1651385.8531647774,1661016.278020048,1651385.8531647774,0.0,0.0,9630.424855270656
418.0,1651385.8531647774,1661016.278020048,1651385.8531647774,0.0,0.0,9630.424855270656
420.0,1651385.8531647774,1661016.278020048,1651385.8531647774,0.0,0.0,9630.424855270656
422.0,1651385.8531647774,1661016.278020048,1651385.8531647774,0.0,0.0,9630.424855270656
424.0,1651385.8531647774,1661016.278020048,1651385.8531647774,0.0,0.0,9630.424855270656
426.0,1651385.8531647774,1661016.278020048,1651385.8531647774,0.0,0.0,9630.424855270656
428.0,1651385.8531647774,1661016.278020048,1651385.8531647774,0.0,0.0,9630.424855270656
430.0,1651385.8531647774,1661016.278020048,1651385.8531647774,0.0,0.0,9630.424855270656
432.0,1651385.8531647774,1661016.278020048,1651385.8531647774,0.0,0.0,9630.424855270656
434.0,1651385.8531647774,1661016.278020048,1651385.8531647774,0.0,0.0,9630.424855270656
436.0,1651385.8531647774,1661016.278020048,1651385.8531647774,0.0,0.0,9630.424855270656
438.0,1651385.8531647774,1661016.278020048,1651385.8531647774,0.0,0.0,9630.424855270656
440.0,1651385.8531647774,1661016.278020048,1651385.8531647774,0.0,0.0,9630.424855270656
442.0,1651385.8531647774,1661016.278020048,1651385.8531647774,0.0,0.0,9630.424855270656
444.0,1651385.8531647774,1661016.278020048,1651385.8531647774,0.0,0.0,9630.424855270656
446.0,1651385.8531647774,1661016.278020048,1651385.8531647774,0.0,0.0,9630.424855270656
448.0,1651385.8531647774,1661016.278020048,1651385.8531647774,0.0,0.0,9630.424855270656
450.0,1651385.8531647774,1661016.278020048,1651385.8531647774,0.0,0.0,9630.424855270656
452.0,1651385.8531647774,1661016.278020048,1651385.8531647774,0.0,0.0,9630.424855270656
454.0,1651385.8531647774,1661016.278020048,1651385.8531647774,0.0,0.0,9630.424855270656
456.0,1651385.8531647774,1661016.278020048,1651385.8531647774,0.0,0.0,9630.424855270656
458.0,1651385.8531647774,1661016.278020048,1651385.8531647774,0.0,0.0,9630.424855270656
460.0,1651385.8531647774,1661016.278020048,1651385.8531647774,0.0,0.0,9630.424855270656
462.0,1651385.8531647774,1661016.278020048,1651385.8531647774,0.0,0.0,9630.424855270656
464.0,1651385.8531647774,1661016.278020048,1651385.8531647774,0.0,0.0,9630.424855270656
466.0,1651385.8531647774,1661016.278020048,1651385.8531647774,0.0,0.0,9630.424855270656
468.0,1651385.8531647774,1661016.278020048,1651385.8531647774,0.0,0.0,9630.424855270656
470.0,1651385.8531647774,1661016.278020048,1651385.8531647774,0.0,0.0,9630.424855270656
472.0,1651385.8531647774,1661016.278020048,1651385.8531647774,0.0,0.0,9630.424855270656
474.0,1651385.8531647774,1661016.278020048,1651385.8531647774,0.0,0.0,9630.424855270656
476.0,1651385.8531647774,1661016.278020048,1651385.8531647774,0.0,0.0,9630.424855270656
478.0,1651385.8531647774,1661016.278020048,1651385.8531647774,0.0,0.0,9630.424855270656
480.0,1651385.8531647774,1661016.278020048,1651385.8531647774,0.0,0.0,9630.424855270656
482.0,1651385.8531647774,1661016.278020048,1651385.8531647774,0.0,0.0,9630.424855270656
484.0,1651385.8531647774,1661016.278020048,1651385.8531647774,0.0,0.0,9630.424855270656
486.0,1651385.8531647774,1661016.278020048,1651385.8531647774,0.0,0.0,9630.424855270656
488.0,1651385.8531647774,1661016.278020048,1651385.8531647774,0.0,0.0,9630.424855270656
490.0,1651385.8531647774,1661016.278020048,1651385.8531647774,0.0,0.0,9630.424855270656
492.0,1651385.8531647774,1661016.278020048,1651385.8531647774,0.0,0.0,9630.424855270656
494.0,1651385.8531647774,1661016.278020048,1651385.8531647774,0.0,0.0,9630.424855270656
496.0,1651385.8531647774,1661016.278020048,1651385.8531647774,0.0,0.0,9630.424855270656
498.0,1651385.8531647774,1661016.278020048,1651385.8531647774,0.0,0.0,9630.424855270656
500.0,1651385.8531647774,1661016.278020048,1651385.8531647774,0.0,0.0,9630.424855270656
502.0,1651385.8531647774,1661016.278020048,1651385.8531647774,0.0,0.0,9630.424855270656
504.0,1651385.8531647774,1661016.278020048,1651385.8531647774,0.0,0.0,9630.424855270656
506.0,1651385.8531647774,1661016.278020048,1651385.8531647774,0.0,0.0,9630.424855270656
508.0,1651385.8531647774,1661016.278020048,1651385.8531647774,0.0,0.0,9630.424855270656
510.0,1651385.8531647774,1661016.278020048,1651385.8531647774,0.0,0.0,9630.424855270656
512.0,1651385.8531647774,1661016.278020048,1651385.8531647774,0.0,0.0,9630.424855270656
514.0,1651385.8531647774,1661016.278020048,1651385.8531647774,0.0,0.0,9630.424855270656
516.0,1651385.8531647774,1661016.278020048,1651385.8531647774,0.0,0.0,9630.424855270656
518.0,1651385.8531647774,1661016.278020048,1651385.8531647774,0.0,0.0,9630.424855270656
520.0,1651385.8531647774,1661016.278020048,1651385.8531647774,0.0,0.0,9630.424855270656
522.0,1651385.8531647774,1661016.278020048,1651385.8531647774,0.0,0.0,9630.424855270656
524.0,1651385.8531647774,1661016.278020048,1651385.8531647774,0.0,0.0,9630.424855270656
526.0,1651385.8531647774,1661016.278020048,1651385.8531647774,0.0,0.0,9630.424855270656
528.0,1651385.8531647774,1661016.278020048,1651385.8531647774,0.0,0.0,9630.424855270656
530.0,1651385.8531647774,1661016.278020048,1651385.8531647774,0.0,0.0,9630.424855270656
532.0,1651385.8531647774,1661016.278020048,1651385.8531647774,0.0,0.0,9630.424855270656
534.0,1651385.8531647774,1661016.278020048,1651385.8531647774,0.0,0.0,9630.424855270656
536.0,1651385.8531647774,1661016.278020048,1651385.8531647774,0.0,0.0,9630.424855270656
538.0,1651385.8531647774,1661016.278020048,1651385.8531647774,0.0,0.0,9630.424855270656
540.0,1651385.8531647774,1661016.278020048,1651385.8531647774,0.0,0.0,9630.424855270656
542.0,1651385.8531647774,1661016.278020048,1651385.8531647774,0.0,0.0,9630.424855270656
544.0,1651385.8531647774,1661016.278020048,1651385.8531647774,0.0,0.0,9630.424855270656
546.0,1651385.8531647774,1661016.278020048,1651385.8531647774,0.0,0.0,9630.424855270656
548.0,1651385.8531647774,1661016.278020048,1651385.8531647774,0.0,0.0,9630.424855270656
550.0,1651385.8531647774,1661016.278020048,1651385.8531647774,0.0,0.0,9630.424855270656
552.0,1651385.8531647774,1661016.278020048,1651385.8531647774,0.0,0.0,9630.424855270656
554.0,1651385.8531647774,1661016.278020048,1651385.8531647774,0.0,0.0,9630.424855270656
556.0,1651385.8531647774,1661016.278020048,1651385.8531647774,0.0,0.0,9630.424855270656
558.0,1651385.8531647774,1661016.278020048,1651385.8531647774,0.0,0.0,9630.424855270656
560.0,1651385.8531647774,1661016.278020048,1651385.8531647774,0.0,0.0,9630.424855270656
562.0,1651385.8531647774,1661016.278020048,1651385.8531647774,0.0,0.0,9630.424855270656
564.0,1651385.8531647774,1661016.278020048,1651385.8531647774,0.0,0.0,9630.424855270656
566.0,1651385.8531647774,1661016.278020048,1651385.8531647774,0.0,0.0,9630.424855270656
568.0,1651385.8531647774,1661016.278020048,1651385.8531647774,0.0,0.0,9630.424855270656
570.0,1651385.8531647774,1661016.278020048,1651385.8531647774,0.0,0.0,9630.424855270656
572.0,1651385.8531647774,1661016.278020048,1651385.8531647774,0.0,0.0,9630.424855270656
574.0,1651385.8531647774,1661016.278020048,1651385.8531647774,0.0,0.0,9630.424855270656
576.0,1651385.8531647774,1661016.278020048,1651385.8531647774,0.0,0.0,9630.424855270656
578.0,1651385.8531647774,1661016.278020048,1651385.8531647774,0.0,0.0,9630.424855270656
580.0,1651385.8531647774,1661016.278020048,1651385.8531647774,0.0,0.0,9630.424855270656
582.0,1651385.8531647774,1661016.278020048,1651385.8531647774,0.0,0.0,9630.424855270656
584.0,1651385.8531647774,1661016.278020048,1651385.8531647774,0.0,0.0,9630.424855270656
586.0,1651385.8531647774,1661016.278020048,1651385.8531647774,0.0,0.0,9630.424855270656
588.0,1651385.8531647774,1661016.278020048,1651385.8531647774,0.0,0.0,9630.424855270656
590.0,1651385.8531647774,1661016.278020048,1651385.8531647774,0.0,0.0,9630.424855270656
592.0,1651385.8531647774,1661016.278020048,1651385.8531647774,0.0,0.0,9630.424855270656
594.0,1651385.8531647774,1661016.278020048,1651385.8531647774,0.0,0.0,9630.424855270656
596.0,1651385.8531647774,1661016.278020048,1651385.8531647774,0.0,0.0,9630.424855270656
598.0,1651385.8531647774,1661016.278020048,1651385.8531647774,0.0,0.0,9630.424855270656
600.0,1651385.8531647774,1661016.278020048,1651385.8531647774,0.0,0.0,9630.424855270656
